"device_name","WS","TY","TP","FS","FX","YL","SC","GH","RZ","QY","CT"
"XGC00101","0+23.2?24.2%","000.0000mmol/L","008.04pH","000.88m/s","0  N","00000.0mm/h","0032.0?054.9%08808.3Lux*","000269umol/m2*s","000.0h","00992.2mbar","000354ppm"
"XGC00101","0+23.2?24.1%","000.0000mmol/L","008.04pH","000.96m/s","0NNW","00000.0mm/h","0029.6?063.1%08218.3Lux*","000290umol/m2*s","001.0h","00992.1mbar","000349ppm"
"XGC00101","0+23.3?24.1%","000.0000mmol/L","008.04pH","000.44m/s","0NNW","00000.0mm/h","0029.0?064.1%07558.3Lux*","000345umol/m2*s","003.0h","00992.1mbar","000348ppm"
"XGC00101","0+23.3?24.1%","000.0000mmol/L","008.03pH","000.15m/s","0NNW","00000.0mm/h","0028.7?062.9%06558.3Lux*","000253umol/m2*s","005.0h","00992.1mbar","000354ppm"
"XGC00101","0+23.5?24.1%","000.0000mmol/L","008.04pH","000.59m/s","0 NW","00000.0mm/h","0028.9?063.6%07690.8Lux*","000297umol/m2*s","007.0h","00992.0mbar","000347ppm"
"XGC00101","0+23.6?24.0%","000.0000mmol/L","008.03pH","000.66m/s","0 SE","00000.0mm/h","0029.4?061.0%07867.5Lux*","000397umol/m2*s","009.0h","00991.8mbar","000353ppm"
"XGC00101","0+23.6?24.0%","000.0000mmol/L","008.03pH","000.51m/s","0WSW","00000.0mm/h","0029.4?062.7%08667.5Lux*","000435umol/m2*s","010.0h","00991.8mbar","000350ppm"
"XGC00101","0+23.7?24.0%","000.0000mmol/L","008.04pH","000.00m/s","0NNE","00000.0mm/h","0029.6?065.4%07419.2Lux*","000400umol/m2*s","012.0h","00991.7mbar","000346ppm"
"XGC00101","0+23.8?24.0%","000.0000mmol/L","008.04pH","000.22m/s","0WNW","00000.0mm/h","0029.3?065.2%06602.5Lux*","000267umol/m2*s","014.0h","00991.7mbar","000346ppm"
"XGC00101","0+23.9?24.0%","000.0000mmol/L","008.04pH","000.51m/s","0WNW","00000.0mm/h","0031.0?055.6%07412.5Lux*","000461umol/m2*s","016.0h","00991.6mbar","000355ppm"
"XGC00101","0+24.0?24.0%","000.0000mmol/L","008.05pH","000.66m/s","0SSW","00000.0mm/h","0030.0?060.1%07613.3Lux*","001070umol/m2*s","018.0h","00991.5mbar","000356ppm"
"XGC00101","0+24.1?23.9%","000.0000mmol/L","008.07pH","000.29m/s","0NNE","00000.0mm/h","0030.6?058.9%08217.5Lux*","001162umol/m2*s","019.0h","00991.5mbar","000353ppm"
"XGC00101","0+24.2?23.9%","000.0000mmol/L","008.07pH","000.44m/s","0NNW","00000.0mm/h","0030.4?058.4%08170.0Lux*","001116umol/m2*s","021.0h","00991.5mbar","000350ppm"
"XGC00101","0+24.3?23.9%","000.0000mmol/L","008.07pH","000.44m/s","0  N","00000.0mm/h","0030.8?058.1%07917.5Lux*","000351umol/m2*s","023.0h","00991.4mbar","000353ppm"
"XGC00101","0+24.4?24.0%","000.0000mmol/L","008.04pH","000.73m/s","0ESE","00000.0mm/h","0031.5?056.5%08790.0Lux*","000550umol/m2*s","025.0h","00991.3mbar","000348ppm"
"XGC00101","0+24.5?24.0%","000.0000mmol/L","008.04pH","000.81m/s","0NNE","00000.0mm/h","0029.6?060.2%07865.0Lux*","000316umol/m2*s","027.0h","00991.3mbar","000351ppm"
"XGC00101","0+24.7?24.1%","000.0000mmol/L","008.03pH","000.15m/s","0NNE","00000.0mm/h","0030.3?056.2%08400.8Lux*","000491umol/m2*s","028.0h","00991.2mbar","000354ppm"
"XGC00101","0+24.8?24.0%","000.0000mmol/L","008.03pH","000.37m/s","0ENE","00000.0mm/h","0032.0?053.0%07980.8Lux*","000440umol/m2*s","030.0h","00991.1mbar","000350ppm"
"XGC00101","0+24.9?24.0%","000.0000mmol/L","008.03pH","001.18m/s","0ESE","00000.0mm/h","0031.1?056.6%09114.2Lux*","001126umol/m2*s","032.0h","00991.0mbar","000347ppm"
"XGC00101","0+25.0?24.0%","000.0000mmol/L","008.04pH","000.22m/s","0  N","00000.0mm/h","0030.7?060.2%08619.2Lux*","000524umol/m2*s","034.0h","00991.0mbar","000341ppm"
"XGC00101","0+25.2?24.0%","000.0000mmol/L","008.03pH","000.66m/s","0ENE","00000.0mm/h","0030.7?055.8%08627.5Lux*","000440umol/m2*s","036.0h","00991.0mbar","000349ppm"
"XGC00101","0+25.3?24.1%","000.0000mmol/L","008.03pH","000.29m/s","0ESE","00000.0mm/h","0030.9?055.2%06394.2Lux*","000229umol/m2*s","037.0h","00991.0mbar","000351ppm"
"XGC00101","0+25.4?24.1%","000.0000mmol/L","008.03pH","000.07m/s","0  E","00000.0mm/h","0029.7?064.0%05582.5Lux*","000224umol/m2*s","039.0h","00991.0mbar","000348ppm"
"XGC00101","0+25.5?24.2%","000.0000mmol/L","008.03pH","000.00m/s","0NNE","00000.0mm/h","0030.5?056.8%07013.3Lux*","000226umol/m2*s","041.0h","00991.0mbar","000352ppm"
"XGC00101","0+25.7?24.2%","000.0000mmol/L","008.01pH","000.44m/s","0NNE","00000.0mm/h","0030.8?056.4%08193.3Lux*","000323umol/m2*s","043.0h","00990.9mbar","000348ppm"
"XGC00101","0+25.7?24.2%","000.0000mmol/L","008.01pH","000.51m/s","0ENE","00000.0mm/h","0030.3?060.9%05586.7Lux*","000237umol/m2*s","045.0h","00990.9mbar","000348ppm"
"XGC00101","0+25.9?24.2%","000.0000mmol/L","008.03pH","000.37m/s","0ENE","00000.0mm/h","0029.3?066.7%05629.2Lux*","000173umol/m2*s","046.0h","00990.9mbar","000345ppm"
"XGC00101","0+25.9?24.3%","000.0000mmol/L","008.01pH","000.29m/s","0 NE","00000.0mm/h","0029.5?064.0%06728.3Lux*","000285umol/m2*s","048.0h","00990.8mbar","000345ppm"
"XGC00101","0+26.0?24.3%","000.0000mmol/L","008.01pH","000.51m/s","0NNE","00000.0mm/h","0030.0?062.1%06540.8Lux*","000308umol/m2*s","050.0h","00990.6mbar","000341ppm"
"XGC00101","0+26.1?24.3%","000.0000mmol/L","008.01pH","000.88m/s","0NNE","00000.0mm/h","0030.5?061.7%08140.8Lux*","000418umol/m2*s","052.0h","00990.6mbar","000343ppm"
"XGC00101","0+26.2?24.2%","000.0000mmol/L","008.03pH","000.37m/s","0 NE","00000.0mm/h","0030.2?061.9%06548.3Lux*","000314umol/m2*s","054.0h","00990.5mbar","000341ppm"
"XGC00101","0+26.2?24.2%","000.0000mmol/L","008.03pH","000.00m/s","0NNE","00000.0mm/h","0029.8?064.4%06790.8Lux*","000306umol/m2*s","056.0h","00990.4mbar","000342ppm"
"XGC00101","0+26.3?24.3%","000.0000mmol/L","008.03pH","000.73m/s","0 NE","00000.0mm/h","0029.8?062.9%06041.7Lux*","000317umol/m2*s","057.0h","00990.3mbar","000342ppm"
"XGC00101","0+26.4?24.3%","000.0000mmol/L","008.03pH","000.59m/s","0 NE","00000.0mm/h","0029.1?067.7%05362.5Lux*","000215umol/m2*s","059.0h","00990.4mbar","000337ppm"
"XGC00101","0+26.4?24.3%","000.0000mmol/L","008.03pH","001.03m/s","0ENE","00000.0mm/h","0028.9?068.2%05125.0Lux*","000201umol/m2*s","061.0h","00990.2mbar","000337ppm"
"XGC00101","0+26.4?24.3%","000.0000mmol/L","008.03pH","000.22m/s","0ENE","00000.0mm/h","0028.6?072.2%04641.7Lux*","000185umol/m2*s","063.0h","00990.1mbar","000335ppm"
"XGC00101","0+26.5?24.4%","000.0000mmol/L","008.01pH","000.59m/s","0ENE","00000.0mm/h","0028.6?070.2%04665.0Lux*","000191umol/m2*s","065.0h","00990.0mbar","000334ppm"
"XGC00101","0+26.5?24.4%","000.0000mmol/L","008.01pH","000.59m/s","0 NE","00000.0mm/h","0028.8?069.2%05005.8Lux*","000211umol/m2*s","066.0h","00990.0mbar","000334ppm"
"XGC00101","0+26.6?24.4%","000.0000mmol/L","008.00pH","000.88m/s","0NNE","00000.0mm/h","0028.7?068.5%04161.7Lux*","000157umol/m2*s","068.0h","00990.0mbar","000336ppm"
"XGC00101","0+26.6?24.3%","000.0000mmol/L","008.00pH","000.07m/s","0ENE","00000.0mm/h","0028.4?074.3%03938.3Lux*","000152umol/m2*s","070.0h","00990.0mbar","000331ppm"
"XGC00101","0+26.6?24.4%","000.0000mmol/L","008.00pH","000.22m/s","0 NE","00000.0mm/h","0028.2?074.7%03302.5Lux*","000124umol/m2*s","072.0h","00990.0mbar","000332ppm"
"XGC00101","0+26.7?24.4%","000.0000mmol/L","007.98pH","000.15m/s","0NNE","00000.0mm/h","0027.9?075.9%02951.7Lux*","000111umol/m2*s","074.0h","00990.0mbar","000334ppm"
"XGC00101","0+26.7?24.4%","000.0000mmol/L","007.98pH","001.03m/s","0NNE","00000.0mm/h","0027.8?077.5%02552.5Lux*","000107umol/m2*s","075.0h","00989.9mbar","000333ppm"
"XGC00101","0+26.7?24.4%","000.0000mmol/L","008.01pH","000.00m/s","0  N","00000.0mm/h","0028.2?073.6%02890.8Lux*","000109umol/m2*s","077.0h","00989.9mbar","000336ppm"
"XGC00101","0+26.7?24.4%","000.0000mmol/L","007.98pH","000.07m/s","0SSW","00000.0mm/h","0028.6?075.5%02836.7Lux*","000099umol/m2*s","079.0h","00989.9mbar","000333ppm"
"XGC00101","0+26.7?24.4%","000.0000mmol/L","008.00pH","000.73m/s","0 SW","00000.0mm/h","0028.4?067.8%02257.5Lux*","000082umol/m2*s","081.0h","00989.8mbar","000346ppm"
"XGC00101","0+26.8?24.4%","000.0000mmol/L","008.04pH","000.51m/s","0 SW","00000.0mm/h","0028.0?067.1%02301.7Lux*","000076umol/m2*s","083.0h","00989.8mbar","000355ppm"
"XGC00101","0+26.8?24.4%","000.0000mmol/L","008.04pH","000.44m/s","0WSW","00000.0mm/h","0027.8?066.1%02190.0Lux*","000080umol/m2*s","084.0h","00989.8mbar","000360ppm"
"XGC00101","0+26.8?24.5%","000.0000mmol/L","008.07pH","000.81m/s","0WSW","00000.0mm/h","0027.5?066.2%01444.2Lux*","000053umol/m2*s","086.0h","00989.7mbar","000363ppm"
"XGC00101","0+26.8?24.5%","000.0000mmol/L","008.08pH","000.88m/s","0WSW","00000.0mm/h","0027.2?067.3%01101.7Lux*","000047umol/m2*s","088.0h","00989.6mbar","000367ppm"
"XGC00101","0+26.8?24.5%","000.0000mmol/L","008.12pH","001.26m/s","0  W","00000.0mm/h","0027.1?065.4%00856.7Lux*","000029umol/m2*s","090.0h","00989.6mbar","000367ppm"
"XGC00101","0+26.7?24.5%","000.0000mmol/L","008.14pH","000.59m/s","0  W","00000.0mm/h","0026.9?066.4%00364.2Lux*","000012umol/m2*s","092.0h","00989.6mbar","000371ppm"
"XGC00101","0+26.7?24.5%","000.0000mmol/L","008.11pH","000.59m/s","0  W","00000.0mm/h","0026.5?068.9%00300.0Lux*","000010umol/m2*s","093.0h","00989.6mbar","000380ppm"
"XGC00101","0+26.7?24.5%","000.0000mmol/L","008.07pH","000.07m/s","0ENE","00000.0mm/h","0025.0?083.7%00280.8Lux*","000009umol/m2*s","095.0h","00989.5mbar","000414ppm"
"XGC00101","0+26.7?24.5%","000.0000mmol/L","008.03pH","000.15m/s","0  N","00000.0mm/h","0024.6?083.6%00140.8Lux*","000004umol/m2*s","097.0h","00989.5mbar","000409ppm"
"XGC00101","0+26.6?24.5%","000.0000mmol/L","008.01pH","000.00m/s","0  N","00000.0mm/h","0024.3?086.2%00053.3Lux*","000002umol/m2*s","099.0h","00989.6mbar","000430ppm"
"XGC00101","0+26.6?24.5%","000.0000mmol/L","007.98pH","000.22m/s","0  W","00000.0mm/h","0023.9?088.8%00020.0Lux*","000000umol/m2*s","0101.0h","00989.7mbar","000455ppm"
"XGC00101","0+26.6?24.5%","000.0000mmol/L","007.98pH","000.73m/s","0  W","00000.0mm/h","0023.5?090.4%00006.7Lux*","000000umol/m2*s","0102.0h","00989.8mbar","000450ppm"
"XGC00101","0+26.6?24.6%","000.0000mmol/L","008.12pH","003.26m/s","0 NE","00000.0mm/h","0025.4?074.4%00000.0Lux*","000000umol/m2*s","0104.0h","00990.1mbar","000386ppm"
"XGC00101","0+26.5?24.6%","000.0000mmol/L","008.23pH","003.18m/s","0  W","00000.0mm/h","0025.2?075.3%00000.0Lux*","000000umol/m2*s","0106.0h","00990.3mbar","000379ppm"
"XGC00101","0+26.5?24.6%","000.0000mmol/L","008.29pH","002.51m/s","0 SE","00000.0mm/h","0024.8?076.5%00000.0Lux*","000000umol/m2*s","0108.0h","00990.4mbar","000383ppm"
"XGC00101","0+26.4?24.6%","000.0000mmol/L","008.26pH","000.59m/s","0WNW","00000.0mm/h","0024.4?079.2%00000.0Lux*","000000umol/m2*s","0110.0h","00990.5mbar","000385ppm"
"XGC00101","0+26.4?24.6%","000.0000mmol/L","008.22pH","000.59m/s","0WNW","00000.0mm/h","0024.1?081.2%00000.0Lux*","000000umol/m2*s","0111.0h","00990.6mbar","000390ppm"
"XGC00101","0+26.3?24.6%","000.0000mmol/L","008.15pH","000.15m/s","0 NE","00000.0mm/h","0023.6?084.1%00000.0Lux*","000000umol/m2*s","0113.0h","00990.5mbar","000395ppm"
"XGC00101","0+26.3?24.6%","000.0000mmol/L","008.08pH","000.22m/s","0  E","00000.0mm/h","0023.1?088.0%00000.0Lux*","000000umol/m2*s","0115.0h","00990.5mbar","000407ppm"
"XGC00101","0+26.3?24.5%","000.0000mmol/L","008.04pH","000.51m/s","0 NW","00000.0mm/h","0022.8?090.4%00000.0Lux*","000000umol/m2*s","0117.0h","00990.6mbar","000436ppm"
"XGC00101","0+26.2?24.6%","000.0000mmol/L","008.10pH","001.26m/s","0  W","00000.0mm/h","0023.2?084.2%00000.0Lux*","000000umol/m2*s","0119.0h","00990.6mbar","000400ppm"
"XGC00101","0+26.2?24.5%","000.0000mmol/L","008.19pH","002.37m/s","0SSW","00000.0mm/h","0023.3?083.5%00000.0Lux*","000000umol/m2*s","0120.0h","00990.8mbar","000395ppm"
"XGC00101","0+26.1?24.6%","000.0000mmol/L","008.26pH","002.29m/s","0WSW","00000.0mm/h","0023.2?084.6%00000.0Lux*","000000umol/m2*s","0122.0h","00990.8mbar","000400ppm"
"XGC00101","0+26.0?24.6%","000.0000mmol/L","008.26pH","000.88m/s","0 SW","00000.0mm/h","0022.8?085.9%00000.0Lux*","000000umol/m2*s","0124.0h","00990.9mbar","000412ppm"
"XGC00101","0+26.0?24.6%","000.0000mmol/L","008.29pH","001.03m/s","0WNW","00000.0mm/h","0022.6?085.5%00000.0Lux*","000000umol/m2*s","0126.0h","00990.9mbar","000415ppm"
"XGC00101","0+25.9?24.6%","000.0000mmol/L","008.29pH","001.62m/s","0SSW","00000.0mm/h","0022.2?083.4%00000.0Lux*","000000umol/m2*s","0128.0h","00990.9mbar","000409ppm"
"XGC00101","0+25.9?24.6%","000.0000mmol/L","008.30pH","002.88m/s","0  S","00000.0mm/h","0021.7?086.5%00000.0Lux*","000000umol/m2*s","0129.0h","00990.9mbar","000407ppm"
"XGC00101","0+25.8?24.6%","000.0000mmol/L","008.28pH","000.66m/s","0SSW","00000.0mm/h","0021.7?086.6%00000.0Lux*","000000umol/m2*s","0131.0h","00990.9mbar","000414ppm"
"XGC00101","0+25.7?24.6%","000.0000mmol/L","008.26pH","000.96m/s","0 SW","00000.0mm/h","0021.7?085.0%00000.0Lux*","000000umol/m2*s","0133.0h","00990.8mbar","000416ppm"
"XGC00101","0+25.7?24.6%","000.0000mmol/L","008.25pH","001.26m/s","0SSW","00000.0mm/h","0021.7?083.3%00000.0Lux*","000000umol/m2*s","0135.0h","00990.5mbar","000415ppm"
"XGC00101","0+25.6?24.6%","000.0000mmol/L","008.18pH","000.29m/s","0 SE","00000.0mm/h","0021.3?088.7%00000.0Lux*","000000umol/m2*s","0137.0h","00990.3mbar","000422ppm"
"XGC00101","0+25.6?24.6%","000.0000mmol/L","008.11pH","000.44m/s","0 SE","00000.0mm/h","0021.0?091.9%00000.0Lux*","000000umol/m2*s","0138.0h","00990.1mbar","000442ppm"
"XGC00101","0+25.5?24.6%","000.0000mmol/L","008.05pH","001.62m/s","0SSW","00000.0mm/h","0021.2?087.4%00000.0Lux*","000000umol/m2*s","0140.0h","00990.1mbar","000435ppm"
"XGC00101","0+25.4?24.6%","000.0000mmol/L","008.04pH","000.81m/s","0SSE","00000.0mm/h","0021.3?087.6%00000.0Lux*","000000umol/m2*s","0142.0h","00990.0mbar","000434ppm"
"XGC00101","0+25.4?24.6%","000.0000mmol/L","008.00pH","000.00m/s","0 NE","00000.0mm/h","0020.9?090.6%00000.0Lux*","000000umol/m2*s","0144.0h","00990.0mbar","000440ppm"
"XGC00101","0+25.3?24.6%","000.0000mmol/L","007.97pH","000.51m/s","0NNW","00000.0mm/h","0020.6?093.7%00000.0Lux*","000000umol/m2*s","0146.0h","00990.0mbar","000460ppm"
"XGC00101","0+25.2?24.5%","000.0000mmol/L","007.93pH","000.00m/s","0NNE","00000.0mm/h","0020.4?095.1%00000.0Lux*","000000umol/m2*s","0147.0h","00989.8mbar","000469ppm"
"XGC00101","0+25.2?24.6%","000.0000mmol/L","007.91pH","000.00m/s","0 SE","00000.0mm/h","0020.4?096.4%00000.0Lux*","000000umol/m2*s","0149.0h","00989.7mbar","000474ppm"
"XGC00101","0+25.1?25.0%","000.0000mmol/L","007.90pH","000.22m/s","0WNW","00000.0mm/h","0020.3?096.1%00000.0Lux*","000000umol/m2*s","0151.0h","00989.7mbar","000484ppm"
"XGC00101","0+25.1?25.4%","000.0000mmol/L","007.89pH","000.07m/s","0NNW","00000.0mm/h","0020.0?097.1%00000.0Lux*","000000umol/m2*s","0153.0h","00989.7mbar","000485ppm"
"XGC00102","0+23.4?31.0%","000.0000mmol/L","008.64pH","000.00m/s","0WSW","00000.0mm/h","0025.1?058.3%00000.0Lux*","000000umol/m2*s","077.0h","00990.8mbar","000604ppm"
"XGC00102","0+23.3?31.1%","000.0000mmol/L","008.65pH","000.22m/s","0  W","00000.0mm/h","0025.1?058.3%00000.0Lux*","000000umol/m2*s","079.0h","00990.9mbar","000618ppm"
"XGC00102","0+23.3?31.1%","000.0000mmol/L","008.65pH","000.00m/s","0NNW","00000.0mm/h","0025.1?058.3%00000.0Lux*","000000umol/m2*s","080.0h","00990.9mbar","000622ppm"
"XGC00102","0+23.3?31.1%","000.0000mmol/L","008.65pH","000.00m/s","0NNE","00000.0mm/h","0025.1?058.3%00000.0Lux*","000000umol/m2*s","082.0h","00991.0mbar","000597ppm"
"XGC00102","0+23.2?31.0%","000.0000mmol/L","008.67pH","000.00m/s","0 SW","00000.0mm/h","0025.1?058.3%00000.0Lux*","000000umol/m2*s","084.0h","00991.0mbar","000572ppm"
"XGC00102","0+23.2?31.1%","000.0000mmol/L","008.67pH","000.00m/s","0WSW","00000.0mm/h","0025.1?058.3%00000.0Lux*","000000umol/m2*s","086.0h","00991.0mbar","000613ppm"
"XGC00102","0+23.2?31.0%","000.0000mmol/L","008.68pH","000.00m/s","0WSW","00000.0mm/h","0025.1?058.3%00000.0Lux*","000000umol/m2*s","088.0h","00991.0mbar","000591ppm"
"XGC00102","0+23.1?31.0%","000.0000mmol/L","008.68pH","000.00m/s","0 NW","00000.0mm/h","0025.1?058.3%00000.0Lux*","000000umol/m2*s","089.0h","00990.9mbar","000597ppm"
"XGC00102","0+23.1?31.0%","000.0000mmol/L","008.69pH","000.15m/s","0WNW","00000.0mm/h","0025.1?058.3%00000.0Lux*","000000umol/m2*s","091.0h","00990.8mbar","000644ppm"
"XGC00102","0+23.1?31.0%","000.0000mmol/L","008.69pH","000.07m/s","0 SW","00000.0mm/h","0025.1?058.3%00000.0Lux*","000000umol/m2*s","093.0h","00990.7mbar","000641ppm"
"XGC00102","0+23.0?31.0%","000.0000mmol/L","008.71pH","000.00m/s","0 NW","00000.0mm/h","0024.5?058.3%00000.0Lux*","000000umol/m2*s","095.0h","00990.7mbar","000698ppm"
"XGC00102","0+23.0?31.0%","000.0000mmol/L","008.71pH","000.00m/s","0NNW","00000.0mm/h","0024.5?058.3%00000.0Lux*","000000umol/m2*s","097.0h","00990.7mbar","000695ppm"
"XGC00102","0+23.0?31.0%","000.0000mmol/L","008.71pH","000.15m/s","0WSW","00000.0mm/h","0024.5?058.3%00000.0Lux*","000000umol/m2*s","098.0h","00990.7mbar","000668ppm"
"XGC00102","0+22.9?31.0%","000.0000mmol/L","008.72pH","000.00m/s","0WNW","00000.0mm/h","0024.5?058.3%00000.0Lux*","000000umol/m2*s","0100.0h","00990.6mbar","000659ppm"
"XGC00102","0+22.9?31.0%","000.0000mmol/L","008.72pH","000.00m/s","0NNE","00000.0mm/h","0024.3?058.3%00000.0Lux*","000000umol/m2*s","0102.0h","00990.7mbar","000644ppm"
"XGC00102","0+22.8?31.0%","000.0000mmol/L","008.72pH","000.00m/s","0WSW","00000.0mm/h","0024.3?058.3%00000.0Lux*","000000umol/m2*s","0104.0h","00990.6mbar","000623ppm"
"XGC00102","0+22.8?31.0%","000.0000mmol/L","008.74pH","000.00m/s","0WSW","00000.0mm/h","0024.3?058.3%00000.0Lux*","000000umol/m2*s","0106.0h","00990.6mbar","000678ppm"
"XGC00102","0+22.8?31.0%","000.0000mmol/L","008.74pH","000.00m/s","0SSW","00000.0mm/h","0024.2?058.3%00000.0Lux*","000000umol/m2*s","0107.0h","00990.7mbar","000657ppm"
"XGC00102","0+22.7?31.0%","000.0000mmol/L","008.74pH","000.00m/s","0SSW","00000.0mm/h","0024.2?058.3%00000.8Lux*","000000umol/m2*s","0109.0h","00990.7mbar","000617ppm"
"XGC00102","0+22.7?31.0%","000.0000mmol/L","008.75pH","000.00m/s","0 SW","00000.0mm/h","0024.2?058.3%00003.3Lux*","000000umol/m2*s","0111.0h","00990.7mbar","000682ppm"
"XGC00102","0+22.7?31.0%","000.0000mmol/L","008.75pH","000.15m/s","0 SW","00000.0mm/h","0024.2?058.3%00020.0Lux*","000000umol/m2*s","0113.0h","00990.7mbar","000689ppm"
"XGC00102","0+22.6?31.0%","000.0000mmol/L","008.76pH","000.00m/s","0SSW","00000.0mm/h","0024.0?058.3%00099.2Lux*","000002umol/m2*s","0115.0h","00990.8mbar","000651ppm"
"XGC00102","0+22.6?31.0%","000.0000mmol/L","008.76pH","000.00m/s","0NNW","00000.0mm/h","0024.0?058.3%00345.8Lux*","000006umol/m2*s","0116.0h","00990.9mbar","000758ppm"
"XGC00102","0+22.6?31.0%","000.0000mmol/L","008.76pH","000.00m/s","0  W","00000.0mm/h","0024.0?058.3%00804.2Lux*","000014umol/m2*s","0118.0h","00990.8mbar","000759ppm"
"XGC00102","0+22.5?31.0%","000.0000mmol/L","008.76pH","000.00m/s","0NNE","00000.0mm/h","0024.0?058.3%01453.3Lux*","000024umol/m2*s","0120.0h","00991.0mbar","000725ppm"
"XGC00102","0+22.5?31.0%","000.0000mmol/L","008.78pH","000.00m/s","0NNE","00000.0mm/h","0023.6?058.3%02554.2Lux*","000038umol/m2*s","0122.0h","00991.0mbar","000676ppm"
"XGC00102","0+22.5?31.0%","000.0000mmol/L","008.78pH","000.00m/s","0NNE","00000.0mm/h","0023.6?058.3%04103.3Lux*","000055umol/m2*s","0124.0h","00991.0mbar","000626ppm"
"XGC00102","0+22.4?31.1%","000.0000mmol/L","008.79pH","000.00m/s","0NNE","00000.0mm/h","0023.6?058.3%06098.3Lux*","000075umol/m2*s","0125.0h","00991.2mbar","000650ppm"
"XGC00102","0+22.4?31.0%","000.0000mmol/L","008.79pH","000.00m/s","0NNE","00000.0mm/h","0023.6?058.3%07443.3Lux*","000091umol/m2*s","0127.0h","00991.0mbar","000576ppm"
"XGC00102","0+22.3?31.0%","000.0000mmol/L","008.79pH","000.00m/s","0NNE","00000.0mm/h","0023.6?058.3%12011.7Lux*","000118umol/m2*s","0129.0h","00991.0mbar","000561ppm"
"XGC00102","0+22.3?30.9%","000.0000mmol/L","008.79pH","000.00m/s","0WSW","00000.0mm/h","0023.3?076.5%13885.8Lux*","000132umol/m2*s","0131.0h","00990.9mbar","000562ppm"
"XGC00102","0+22.3?31.0%","000.0000mmol/L","008.80pH","000.00m/s","0WNW","00000.0mm/h","0023.3?058.3%16002.5Lux*","000145umol/m2*s","0133.0h","00990.9mbar","000560ppm"
"XGC00102","0+22.2?30.9%","000.0000mmol/L","008.80pH","000.00m/s","0  E","00000.0mm/h","0023.3?058.3%17360.8Lux*","000153umol/m2*s","0134.0h","00990.9mbar","000546ppm"
"XGC00102","0+22.2?30.9%","000.0000mmol/L","008.80pH","000.22m/s","0ENE","00000.0mm/h","0025.7?066.0%18930.8Lux*","000157umol/m2*s","0136.0h","00990.9mbar","000570ppm"
"XGC00102","0+22.2?30.9%","000.0000mmol/L","008.82pH","000.66m/s","0NNE","00000.0mm/h","0023.3?058.3%21763.3Lux*","000172umol/m2*s","0138.0h","00991.0mbar","000579ppm"
"XGC00102","0+22.2?30.9%","000.0000mmol/L","008.82pH","000.59m/s","0NNW","00000.0mm/h","0023.3?058.3%21901.7Lux*","000174umol/m2*s","0140.0h","00991.1mbar","000573ppm"
"XGC00102","0+22.1?30.9%","000.0000mmol/L","008.82pH","000.51m/s","0NNW","00000.0mm/h","0023.3?058.3%24816.7Lux*","000182umol/m2*s","0142.0h","00991.0mbar","000560ppm"
"XGC00102","0+22.1?30.9%","000.0000mmol/L","008.82pH","000.44m/s","0 NE","00000.0mm/h","0023.3?058.3%26994.2Lux*","000193umol/m2*s","0143.0h","00991.1mbar","000554ppm"
"XGC00102","0+22.1?30.9%","000.0000mmol/L","008.83pH","000.37m/s","0  E","00000.0mm/h","0023.3?058.3%26972.5Lux*","000197umol/m2*s","0145.0h","00991.1mbar","000514ppm"
"XGC00102","0+22.0?30.9%","000.0000mmol/L","008.83pH","000.15m/s","0  E","00000.0mm/h","0023.3?058.3%28478.3Lux*","000223umol/m2*s","0147.0h","00991.2mbar","000493ppm"
"XGC00102","0+22.1?30.9%","000.0000mmol/L","008.85pH","000.00m/s","0ESE","00000.0mm/h","0024.3?058.3%20630.8Lux*","000265umol/m2*s","0149.0h","00991.2mbar","000481ppm"
"XGC00102","0+22.0?30.9%","000.0000mmol/L","008.85pH","000.00m/s","0ENE","00000.0mm/h","0024.3?058.3%24082.5Lux*","000448umol/m2*s","0151.0h","00991.2mbar","000518ppm"
"XGC00102","0+22.0?30.9%","000.0000mmol/L","008.85pH","000.29m/s","0ENE","00000.0mm/h","0024.6?058.3%30570.0Lux*","000587umol/m2*s","0152.0h","00991.2mbar","000502ppm"
"XGC00102","0+22.0?30.9%","000.0000mmol/L","008.85pH","000.29m/s","0ESE","00000.0mm/h","0024.6?058.3%31690.8Lux*","000254umol/m2*s","0154.0h","00991.2mbar","000443ppm"
"XGC00102","0+22.1?30.9%","000.0000mmol/L","008.85pH","000.00m/s","0 NE","00000.0mm/h","0024.6?058.3%32071.7Lux*","000248umol/m2*s","0156.0h","00991.2mbar","000428ppm"
"XGC00102","0+22.1?30.9%","000.0000mmol/L","008.86pH","000.73m/s","0NNE","00000.0mm/h","0025.6?058.3%32997.5Lux*","000256umol/m2*s","0158.0h","00991.2mbar","000428ppm"
"XGC00102","0+22.1?30.9%","000.0000mmol/L","008.86pH","000.51m/s","0NNE","00000.0mm/h","0026.8?058.3%33190.0Lux*","000296umol/m2*s","0160.0h","00991.1mbar","000421ppm"
"XGC00102","0+22.1?30.9%","000.0000mmol/L","008.86pH","000.66m/s","0ENE","00000.0mm/h","0028.1?058.3%16537.5Lux*","000335umol/m2*s","0161.0h","00991.1mbar","000410ppm"
"XGC00102","0+22.1?30.9%","000.0000mmol/L","008.86pH","000.66m/s","0 NW","00000.0mm/h","0030.1?058.3%14151.7Lux*","000311umol/m2*s","0163.0h","00991.0mbar","000401ppm"
"XGC00102","0+22.1?30.9%","000.0000mmol/L","008.87pH","000.07m/s","0 NW","00000.0mm/h","0031.4?056.4%13590.0Lux*","000309umol/m2*s","0165.0h","00991.1mbar","000393ppm"
"XGC00102","0+22.2?31.0%","000.0000mmol/L","008.87pH","000.00m/s","0 NW","00000.0mm/h","0030.6?059.7%11110.8Lux*","000255umol/m2*s","0167.0h","00991.0mbar","000387ppm"
"XGC00102","0+22.2?31.0%","000.0000mmol/L","008.87pH","000.22m/s","0 SE","00000.0mm/h","0031.2?055.1%13320.0Lux*","000289umol/m2*s","0169.0h","00990.9mbar","000384ppm"
"XGC00102","0+22.2?31.0%","000.0000mmol/L","008.87pH","000.15m/s","0ESE","00000.0mm/h","0030.6?058.7%13264.2Lux*","000336umol/m2*s","0170.0h","00990.8mbar","000387ppm"
"XGC00102","0+22.3?31.0%","000.0000mmol/L","008.87pH","000.73m/s","0ESE","00000.0mm/h","0031.7?055.1%14218.3Lux*","000347umol/m2*s","0172.0h","00990.8mbar","000384ppm"
"XGC00102","0+22.3?31.0%","000.0000mmol/L","008.87pH","000.96m/s","0NNE","00000.0mm/h","0030.9?057.7%12932.5Lux*","000339umol/m2*s","0174.0h","00990.7mbar","000382ppm"
"XGC00102","0+22.4?31.0%","000.0000mmol/L","008.87pH","001.26m/s","0NNE","00000.0mm/h","0031.9?051.5%11040.0Lux*","000280umol/m2*s","0176.0h","00990.6mbar","000378ppm"
"XGC00102","0+22.5?31.0%","000.0000mmol/L","008.89pH","000.44m/s","0SSW","00000.0mm/h","0031.4?058.3%12502.5Lux*","000400umol/m2*s","0178.0h","00990.6mbar","000388ppm"
"XGC00102","0+22.5?31.0%","000.0000mmol/L","008.87pH","000.44m/s","0SSE","00000.0mm/h","0031.9?052.0%11988.3Lux*","000411umol/m2*s","0179.0h","00990.5mbar","000388ppm"
"XGC00102","0+22.6?31.0%","000.0000mmol/L","008.89pH","000.15m/s","0ENE","00000.0mm/h","0032.3?051.0%12111.7Lux*","000425umol/m2*s","0181.0h","00990.4mbar","000379ppm"
"XGC00102","0+22.6?31.0%","000.0000mmol/L","008.89pH","000.51m/s","0ENE","00000.0mm/h","0032.3?052.0%12437.5Lux*","000465umol/m2*s","0183.0h","00990.5mbar","000375ppm"
"XGC00102","0+22.7?31.0%","000.0000mmol/L","008.90pH","002.37m/s","0NNE","00000.0mm/h","0031.1?053.5%11989.2Lux*","000425umol/m2*s","0185.0h","00990.4mbar","000380ppm"
"XGC00102","0+22.7?31.0%","000.0000mmol/L","008.90pH","002.15m/s","0  N","00000.0mm/h","0031.3?055.9%12618.3Lux*","000510umol/m2*s","0187.0h","00990.3mbar","000376ppm"
"XGC00102","0+22.8?31.0%","000.0000mmol/L","008.90pH","000.96m/s","0NNW","00000.0mm/h","0032.2?054.3%12725.8Lux*","000505umol/m2*s","0188.0h","00990.2mbar","000376ppm"
"XGC00102","0+22.8?31.0%","000.0000mmol/L","008.90pH","000.37m/s","0  W","00000.0mm/h","0033.7?047.2%12330.8Lux*","000520umol/m2*s","0190.0h","00990.1mbar","000375ppm"
"XGC00102","0+22.9?31.0%","000.0000mmol/L","008.90pH","000.22m/s","0 NW","00000.0mm/h","0033.7?048.9%10750.8Lux*","000399umol/m2*s","0192.0h","00990.0mbar","000372ppm"
"XGC00102","0+22.9?31.0%","000.0000mmol/L","008.90pH","000.00m/s","0 NE","00000.0mm/h","0033.4?050.0%13447.5Lux*","001144umol/m2*s","0194.0h","00990.0mbar","000365ppm"
"XGC00102","0+23.0?31.0%","000.0000mmol/L","008.92pH","000.59m/s","0WNW","00000.0mm/h","0034.4?058.3%13279.2Lux*","001002umol/m2*s","0196.0h","00990.0mbar","000367ppm"
"XGC00102","0+23.0?31.0%","000.0000mmol/L","008.92pH","001.26m/s","0  N","00000.0mm/h","0034.4?058.3%12780.0Lux*","000678umol/m2*s","0197.0h","00990.0mbar","000367ppm"
"XGC00102","0+23.1?31.0%","000.0000mmol/L","008.92pH","000.44m/s","0NNE","00000.0mm/h","0034.4?058.3%09330.8Lux*","000286umol/m2*s","0199.0h","00990.0mbar","000369ppm"
"XGC00102","0+23.1?31.1%","000.0000mmol/L","008.93pH","000.22m/s","0ESE","00000.0mm/h","0035.4?058.3%08172.5Lux*","000283umol/m2*s","0201.0h","00990.0mbar","000373ppm"
"XGC00102","0+23.2?31.1%","000.0000mmol/L","008.93pH","000.00m/s","0NNE","00000.0mm/h","0035.4?058.3%09675.0Lux*","000263umol/m2*s","0203.0h","00990.0mbar","000372ppm"
"XGC00102","0+23.2?31.1%","000.0000mmol/L","008.93pH","001.77m/s","0ENE","00000.0mm/h","0035.4?058.3%11341.7Lux*","000389umol/m2*s","0205.0h","00989.9mbar","000374ppm"
"XGC00102","0+23.2?31.1%","000.0000mmol/L","008.93pH","000.96m/s","0ENE","00000.0mm/h","0035.4?058.3%07526.7Lux*","000249umol/m2*s","0206.0h","00989.9mbar","000379ppm"
"XGC00102","0+23.3?31.2%","000.0000mmol/L","008.94pH","000.51m/s","0  N","00000.0mm/h","0036.7?058.3%07580.0Lux*","000193umol/m2*s","0208.0h","00989.9mbar","000376ppm"
"XGC00102","0+23.4?31.1%","000.0000mmol/L","008.94pH","000.73m/s","0NNE","00000.0mm/h","0036.7?058.3%08938.3Lux*","000238umol/m2*s","0210.0h","00989.8mbar","000371ppm"
"XGC00102","0+23.4?31.1%","000.0000mmol/L","008.94pH","001.70m/s","0  N","00000.0mm/h","0034.7?058.3%09315.0Lux*","000300umol/m2*s","0212.0h","00989.6mbar","000374ppm"
"XGC00102","0+23.5?31.1%","000.0000mmol/L","008.94pH","001.55m/s","0NNE","00000.0mm/h","0034.7?058.3%11537.5Lux*","000564umol/m2*s","0214.0h","00989.5mbar","000371ppm"
"XGC00102","0+23.5?31.1%","000.0000mmol/L","008.94pH","000.81m/s","0NNE","00000.0mm/h","0033.2?058.3%09071.7Lux*","000356umol/m2*s","0215.0h","00989.5mbar","000370ppm"
"XGC00102","0+23.6?31.1%","000.0000mmol/L","008.96pH","001.40m/s","0 NE","00000.0mm/h","0034.2?058.3%09354.2Lux*","000345umol/m2*s","0217.0h","00989.4mbar","000377ppm"
"XGC00102","0+23.6?31.1%","000.0000mmol/L","008.96pH","000.66m/s","0ENE","00000.0mm/h","0032.2?058.3%08608.3Lux*","000322umol/m2*s","0219.0h","00989.4mbar","000369ppm"
"XGC00102","0+23.7?31.1%","000.0000mmol/L","008.96pH","001.03m/s","0  N","00000.0mm/h","0030.2?058.3%07654.2Lux*","000260umol/m2*s","0221.0h","00989.3mbar","000364ppm"
"XGC00102","0+23.7?31.1%","000.0000mmol/L","008.96pH","000.66m/s","0NNE","00000.0mm/h","0029.3?067.9%07045.0Lux*","000212umol/m2*s","0223.0h","00989.3mbar","000366ppm"
"XGC00102","0+23.7?31.1%","000.0000mmol/L","008.97pH","000.66m/s","0NNE","00000.0mm/h","0028.8?067.0%06458.3Lux*","000195umol/m2*s","0224.0h","00989.2mbar","000373ppm"
"XGC00102","0+23.8?31.1%","000.0000mmol/L","008.97pH","000.73m/s","0 NE","00000.0mm/h","0028.2?058.3%06491.7Lux*","000199umol/m2*s","0226.0h","00989.0mbar","000366ppm"
"XGC00102","0+23.8?31.2%","000.0000mmol/L","008.97pH","000.37m/s","0ENE","00000.0mm/h","0028.2?058.3%06871.7Lux*","000233umol/m2*s","0228.0h","00989.0mbar","000364ppm"
"XGC00102","0+23.8?31.2%","000.0000mmol/L","008.99pH","000.44m/s","0 NE","00000.0mm/h","0028.2?058.3%05775.0Lux*","000179umol/m2*s","0230.0h","00989.0mbar","000370ppm"
"XGC00102","0+23.9?27.5%","000.1725mmol/L","008.99pH","000.66m/s","0NNE","00000.0mm/h","0028.2?058.3%05372.5Lux*","000162umol/m2*s","0232.0h","00989.1mbar","000370ppm"
"XGC00102","0+23.9?27.6%","000.1650mmol/L","008.99pH","000.29m/s","0ENE","00000.0mm/h","0028.2?058.3%04513.3Lux*","000132umol/m2*s","0233.0h","00989.0mbar","000369ppm"
"XGC00102","0+24.0?27.5%","000.1575mmol/L","008.99pH","000.00m/s","0ENE","00000.0mm/h","0028.2?058.3%03976.7Lux*","000124umol/m2*s","0235.0h","00988.9mbar","000363ppm"
"XGC00102","0+24.0?27.5%","000.1575mmol/L","009.00pH","000.22m/s","0  S","00000.0mm/h","0028.2?058.3%03396.7Lux*","000098umol/m2*s","0237.0h","00988.9mbar","000373ppm"
"XGC00102","0+24.0?27.5%","000.1500mmol/L","009.00pH","000.00m/s","0  W","00000.0mm/h","0028.2?058.3%03721.7Lux*","000122umol/m2*s","0239.0h","00988.8mbar","000367ppm"
"XGC00102","0+24.0?27.6%","000.1425mmol/L","009.00pH","000.00m/s","0WSW","00000.0mm/h","0028.2?058.3%03910.0Lux*","000107umol/m2*s","0241.0h","00988.9mbar","000363ppm"
"XGC00102","0+24.1?27.7%","000.1275mmol/L","009.01pH","000.29m/s","0  S","00000.0mm/h","0028.0?058.3%03027.5Lux*","000090umol/m2*s","0242.0h","00988.8mbar","000380ppm"
"XGC00102","0+24.1?27.7%","000.1275mmol/L","009.01pH","000.59m/s","0SSW","00000.0mm/h","0028.0?058.3%02997.5Lux*","000098umol/m2*s","0244.0h","00988.8mbar","000392ppm"
"XGC00102","0+24.1?27.6%","000.1275mmol/L","009.01pH","000.66m/s","0SSW","00000.0mm/h","0028.0?058.3%02748.3Lux*","000084umol/m2*s","0246.0h","00988.8mbar","000397ppm"
"XGC00102","0+24.1?27.7%","000.1350mmol/L","009.01pH","000.59m/s","0  S","00000.0mm/h","0027.8?058.3%02015.8Lux*","000058umol/m2*s","0248.0h","00988.7mbar","000403ppm"
"XGC00102","0+24.1?27.8%","000.1350mmol/L","009.03pH","000.59m/s","0  S","00000.0mm/h","0027.8?058.3%01507.5Lux*","000053umol/m2*s","0250.0h","00988.7mbar","000407ppm"
"XGC00102","0+24.1?27.8%","000.1350mmol/L","009.03pH","000.44m/s","0  S","00000.0mm/h","0027.8?058.3%01221.7Lux*","000033umol/m2*s","0251.0h","00988.6mbar","000411ppm"
"XGC00102","0+24.2?27.8%","000.1350mmol/L","009.04pH","000.44m/s","0SSE","00000.0mm/h","0027.8?058.3%00507.5Lux*","000013umol/m2*s","0253.0h","00988.6mbar","000418ppm"
"XGC00102","0+24.2?27.9%","000.1350mmol/L","009.04pH","000.00m/s","0 SE","00000.0mm/h","0027.8?058.3%00397.5Lux*","000012umol/m2*s","0255.0h","00988.6mbar","000418ppm"
"XGC00102","0+24.2?27.9%","000.1425mmol/L","009.04pH","000.00m/s","0 SE","00000.0mm/h","0027.4?058.3%00373.3Lux*","000011umol/m2*s","0257.0h","00988.5mbar","000449ppm"
"XGC00102","0+24.2?27.9%","000.1425mmol/L","009.04pH","000.00m/s","0ESE","00000.0mm/h","0027.4?058.3%00183.3Lux*","000005umol/m2*s","0259.0h","00988.5mbar","000456ppm"
"XGC00102","0+24.2?27.9%","000.1425mmol/L","009.04pH","000.00m/s","0SSW","00000.0mm/h","0027.4?058.3%00070.0Lux*","000002umol/m2*s","0260.0h","00988.6mbar","000463ppm"
"XGC00102","0+24.2?27.9%","000.1425mmol/L","009.04pH","000.00m/s","0SSW","00000.0mm/h","0027.4?058.3%00026.7Lux*","000000umol/m2*s","0262.0h","00988.7mbar","000472ppm"
"XGC00102","0+24.2?27.9%","000.1425mmol/L","009.06pH","000.00m/s","0SSW","00000.0mm/h","0027.4?058.3%00010.0Lux*","000000umol/m2*s","0264.0h","00988.8mbar","000495ppm"
"XGC00102","0+24.2?28.0%","000.1425mmol/L","009.06pH","001.03m/s","0SSW","00000.0mm/h","0027.2?058.3%00001.7Lux*","000000umol/m2*s","0266.0h","00989.1mbar","000429ppm"
"XGC00102","0+24.2?28.0%","000.1425mmol/L","009.06pH","001.11m/s","0SSE","00000.0mm/h","0027.2?058.3%00000.8Lux*","000000umol/m2*s","0268.0h","00989.3mbar","000441ppm"
"XGC00102","0+24.2?27.9%","000.1425mmol/L","009.07pH","000.66m/s","0SSW","00000.0mm/h","0027.2?058.3%00000.0Lux*","000000umol/m2*s","0269.0h","00989.4mbar","000442ppm"
"XGC00102","0+24.2?28.0%","000.1425mmol/L","009.07pH","000.96m/s","0SSW","00000.0mm/h","0027.2?058.3%00000.0Lux*","000000umol/m2*s","0271.0h","00989.5mbar","000451ppm"
"XGC00102","0+24.1?28.1%","000.1425mmol/L","009.07pH","000.29m/s","0SSE","00000.0mm/h","0027.2?058.3%00000.0Lux*","000000umol/m2*s","0273.0h","00989.6mbar","000450ppm"
"XGC00102","0+24.1?28.0%","000.1425mmol/L","009.07pH","000.00m/s","0  S","00000.0mm/h","0026.9?058.3%00000.0Lux*","000000umol/m2*s","0275.0h","00989.5mbar","000458ppm"
"XGC00102","0+24.1?28.0%","000.1425mmol/L","009.07pH","000.22m/s","0SSW","00000.0mm/h","0026.9?058.3%00000.0Lux*","000000umol/m2*s","0277.0h","00989.4mbar","000451ppm"
"XGC00102","0+24.1?28.0%","000.1500mmol/L","009.08pH","000.73m/s","0  S","00000.0mm/h","0026.9?058.3%00000.0Lux*","000000umol/m2*s","0279.0h","00989.6mbar","000470ppm"
"XGC00102","0+24.1?28.0%","000.1425mmol/L","009.08pH","001.92m/s","0 SW","00000.0mm/h","0026.4?058.3%00000.0Lux*","000000umol/m2*s","0280.0h","00989.7mbar","000478ppm"
"XGC00102","0+24.1?28.1%","000.1500mmol/L","009.08pH","003.48m/s","0 SW","00000.0mm/h","0026.4?058.3%00000.0Lux*","000000umol/m2*s","0282.0h","00989.8mbar","000473ppm"
"XGC00102","0+24.0?28.1%","000.1425mmol/L","009.10pH","002.44m/s","0SSW","00000.0mm/h","0026.2?058.3%00000.0Lux*","000000umol/m2*s","0284.0h","00989.9mbar","000486ppm"
"XGC00102","0+24.0?28.1%","000.1500mmol/L","009.10pH","003.77m/s","0WSW","00000.0mm/h","0026.2?058.3%00000.0Lux*","000000umol/m2*s","0286.0h","00989.9mbar","000501ppm"
"XGC00102","0+24.0?28.1%","000.1425mmol/L","009.10pH","002.15m/s","0  S","00000.0mm/h","0025.3?058.3%00000.0Lux*","000000umol/m2*s","0288.0h","00989.8mbar","000505ppm"
"XGC00102","0+24.0?28.1%","000.1500mmol/L","009.10pH","003.33m/s","0NNW","00000.0mm/h","0025.3?058.3%00000.0Lux*","000000umol/m2*s","0289.0h","00989.9mbar","000515ppm"
"XGC00102","0+23.9?28.1%","000.1500mmol/L","009.11pH","002.44m/s","0ESE","00000.0mm/h","0025.3?058.3%00000.0Lux*","000000umol/m2*s","0291.0h","00989.8mbar","000527ppm"
"XGC00102","0+23.9?28.2%","000.1425mmol/L","009.11pH","003.26m/s","0WSW","00000.0mm/h","0025.0?058.3%00000.0Lux*","000000umol/m2*s","0293.0h","00989.8mbar","000527ppm"
"XGC00102","0+23.9?28.2%","000.1500mmol/L","009.11pH","002.07m/s","0  S","00000.0mm/h","0025.0?058.3%00000.0Lux*","000000umol/m2*s","0295.0h","00989.7mbar","000516ppm"
"XGC00102","0+23.9?28.3%","000.1200mmol/L","009.12pH","000.88m/s","0SSE","00000.0mm/h","0024.2?058.3%00000.0Lux*","000000umol/m2*s","0297.0h","00989.5mbar","000511ppm"
"XGC00102","0+23.8?28.3%","000.1125mmol/L","009.12pH","000.29m/s","0 SE","00000.0mm/h","0024.2?058.3%00000.0Lux*","000000umol/m2*s","0298.0h","00989.3mbar","000501ppm"
"XGC00102","0+23.8?28.3%","000.1125mmol/L","009.12pH","001.18m/s","0  S","00000.0mm/h","0024.2?058.3%00000.0Lux*","000000umol/m2*s","0300.0h","00989.1mbar","000499ppm"
"XGC00102","0+23.8?28.2%","000.1125mmol/L","009.12pH","001.70m/s","0  S","00000.0mm/h","0024.0?058.3%00000.0Lux*","000000umol/m2*s","0302.0h","00989.0mbar","000498ppm"
"XGC00102","0+23.7?28.3%","000.1200mmol/L","009.14pH","001.48m/s","0  S","00000.0mm/h","0023.6?058.3%00000.0Lux*","000000umol/m2*s","0304.0h","00989.0mbar","000500ppm"
"XGC00102","0+23.7?28.3%","000.1125mmol/L","009.14pH","000.00m/s","0ESE","00000.0mm/h","0023.6?058.3%00000.0Lux*","000000umol/m2*s","0306.0h","00989.0mbar","000489ppm"
"XGC00102","0+23.7?28.3%","000.1125mmol/L","009.14pH","000.29m/s","0NNW","00000.0mm/h","0023.1?058.3%00000.0Lux*","000000umol/m2*s","0307.0h","00989.0mbar","000500ppm"
"XGC00102","0+23.7?28.1%","000.1500mmol/L","009.14pH","000.07m/s","0WNW","00000.0mm/h","0023.1?058.3%00000.0Lux*","000000umol/m2*s","0309.0h","00988.8mbar","000526ppm"
"XGC00102","0+23.6?28.3%","000.1125mmol/L","009.15pH","000.00m/s","0  E","00000.0mm/h","0023.1?058.3%00000.0Lux*","000000umol/m2*s","0311.0h","00988.6mbar","000506ppm"
"XGC00102","0+23.6?28.3%","000.1200mmol/L","009.15pH","000.00m/s","0WSW","00000.0mm/h","0022.5?058.3%00000.0Lux*","000000umol/m2*s","0313.0h","00988.7mbar","000503ppm"
"XGC00102","0+23.6?28.3%","000.1125mmol/L","009.15pH","000.37m/s","0NNW","00000.0mm/h","0022.5?058.3%00000.0Lux*","000000umol/m2*s","0315.0h","00988.6mbar","000561ppm"
"XGC00103","0+23.1?32.6%","000.0000mmol/L","006.70pH","000.00m/s","0NNE","00000.0mm/h","0018.3?100.5%00000.0Lux*","000000umol/m2*s","058.0h","00990.2mbar","000853ppm"
"XGC00103","0+23.1?32.6%","000.0000mmol/L","006.69pH","000.00m/s","0  N","00000.0mm/h","0018.4?100.4%00000.0Lux*","000000umol/m2*s","060.0h","00990.3mbar","000788ppm"
"XGC00103","0+23.0?32.6%","000.0000mmol/L","006.70pH","000.22m/s","0NNE","00000.0mm/h","0018.3?100.2%00000.0Lux*","000000umol/m2*s","061.0h","00990.4mbar","000782ppm"
"XGC00103","0+23.0?32.6%","000.0000mmol/L","006.70pH","000.07m/s","0ESE","00000.0mm/h","0018.2?100.0%00000.0Lux*","000000umol/m2*s","063.0h","00990.5mbar","000880ppm"
"XGC00103","0+22.9?32.6%","000.0000mmol/L","006.70pH","000.29m/s","0ENE","00000.0mm/h","0018.0?100.3%00000.0Lux*","000000umol/m2*s","065.0h","00990.4mbar","000925ppm"
"XGC00103","0+22.9?32.6%","000.0000mmol/L","006.70pH","000.00m/s","0ENE","00000.0mm/h","0018.0?100.8%00000.0Lux*","000000umol/m2*s","067.0h","00990.5mbar","000830ppm"
"XGC00103","0+22.9?32.6%","000.0000mmol/L","006.70pH","000.00m/s","0ENE","00000.0mm/h","0017.9?101.1%00000.0Lux*","000000umol/m2*s","069.0h","00990.4mbar","000776ppm"
"XGC00103","0+22.8?32.6%","000.0000mmol/L","006.70pH","000.29m/s","0 NE","00000.0mm/h","0017.9?101.3%00000.0Lux*","000000umol/m2*s","070.0h","00990.4mbar","000795ppm"
"XGC00103","0+22.7?32.6%","000.0000mmol/L","006.70pH","000.00m/s","0NNE","00000.0mm/h","0017.7?101.2%00000.0Lux*","000000umol/m2*s","072.0h","00990.2mbar","000853ppm"
"XGC00103","0+22.7?32.6%","000.0000mmol/L","006.70pH","000.29m/s","0WNW","00000.0mm/h","0017.8?101.4%00000.0Lux*","000000umol/m2*s","074.0h","00990.1mbar","000924ppm"
"XGC00103","0+22.6?32.6%","000.0000mmol/L","006.70pH","000.22m/s","0WNW","00000.0mm/h","0017.5?100.7%00000.0Lux*","000000umol/m2*s","076.0h","00990.2mbar","000941ppm"
"XGC00103","0+22.6?32.6%","000.0000mmol/L","006.70pH","000.00m/s","0NNW","00000.0mm/h","0017.4?101.2%00000.0Lux*","000000umol/m2*s","078.0h","00990.2mbar","000921ppm"
"XGC00103","0+22.5?32.6%","000.0000mmol/L","006.70pH","000.81m/s","0NNE","00000.0mm/h","0017.2?101.1%00000.0Lux*","000000umol/m2*s","079.0h","00990.2mbar","001047ppm"
"XGC00103","0+22.5?32.6%","000.0000mmol/L","006.70pH","000.51m/s","0 NE","00000.0mm/h","0017.2?101.5%00000.0Lux*","000000umol/m2*s","081.0h","00990.1mbar","001106ppm"
"XGC00103","0+22.5?32.7%","000.0000mmol/L","006.70pH","000.00m/s","0 NE","00000.0mm/h","0017.1?101.6%00000.0Lux*","000000umol/m2*s","083.0h","00990.1mbar","000985ppm"
"XGC00103","0+22.4?32.7%","000.0000mmol/L","006.70pH","000.00m/s","0 NW","00000.0mm/h","0017.1?101.6%00000.0Lux*","000000umol/m2*s","085.0h","00990.1mbar","000861ppm"
"XGC00103","0+22.4?32.7%","000.0000mmol/L","006.70pH","000.00m/s","0NNW","00000.0mm/h","0017.0?101.6%00000.0Lux*","000000umol/m2*s","087.0h","00990.1mbar","000838ppm"
"XGC00103","0+22.3?32.6%","000.0000mmol/L","006.70pH","000.00m/s","0WNW","00000.0mm/h","0017.0?101.8%00000.0Lux*","000000umol/m2*s","088.0h","00990.2mbar","000777ppm"
"XGC00103","0+22.3?32.7%","000.0000mmol/L","006.70pH","000.00m/s","0 NW","00000.0mm/h","0016.9?101.8%00000.0Lux*","000000umol/m2*s","090.0h","00990.2mbar","000775ppm"
"XGC00103","0+22.2?32.6%","000.0000mmol/L","006.70pH","000.59m/s","0 NW","00000.0mm/h","0016.9?101.7%00002.5Lux*","000000umol/m2*s","092.0h","00990.2mbar","000830ppm"
"XGC00103","0+22.2?32.7%","000.0000mmol/L","006.70pH","000.96m/s","0WNW","00000.0mm/h","0016.8?101.7%00015.0Lux*","000000umol/m2*s","094.0h","00990.2mbar","000901ppm"
"XGC00103","0+22.1?32.7%","000.0000mmol/L","006.70pH","000.88m/s","0WNW","00000.0mm/h","0016.7?101.5%00080.8Lux*","000001umol/m2*s","096.0h","00990.2mbar","000985ppm"
"XGC00103","0+22.1?32.7%","000.0000mmol/L","006.72pH","000.00m/s","0 NE","00000.0mm/h","0016.9?101.7%00290.0Lux*","000006umol/m2*s","097.0h","00990.3mbar","000916ppm"
"XGC00103","0+22.0?32.7%","000.0000mmol/L","006.72pH","001.03m/s","0ENE","00000.0mm/h","0016.6?101.5%00695.8Lux*","000014umol/m2*s","099.0h","00990.2mbar","001113ppm"
"XGC00103","0+22.0?32.7%","000.0000mmol/L","006.72pH","000.07m/s","0ESE","00000.0mm/h","0017.0?100.8%01253.3Lux*","000025umol/m2*s","0101.0h","00990.4mbar","001140ppm"
"XGC00103","0+22.0?32.6%","000.0000mmol/L","006.72pH","000.22m/s","0ESE","00000.0mm/h","0017.9?096.9%02195.0Lux*","000042umol/m2*s","0103.0h","00990.4mbar","000934ppm"
"XGC00103","0+21.9?32.6%","000.0000mmol/L","006.72pH","000.66m/s","0ENE","00000.0mm/h","0018.6?094.2%03497.5Lux*","000057umol/m2*s","0105.0h","00990.4mbar","000908ppm"
"XGC00103","0+21.9?32.6%","000.0000mmol/L","006.72pH","000.29m/s","0 NE","00000.0mm/h","0020.0?089.2%04887.5Lux*","000071umol/m2*s","0106.0h","00990.6mbar","000909ppm"
"XGC00103","0+21.8?32.6%","000.0000mmol/L","006.72pH","000.00m/s","0ESE","00000.0mm/h","0020.6?085.8%06605.8Lux*","000088umol/m2*s","0108.0h","00990.5mbar","000813ppm"
"XGC00103","0+21.7?32.5%","000.0000mmol/L","006.72pH","000.73m/s","0ESE","00000.0mm/h","0020.8?083.6%09889.2Lux*","000123umol/m2*s","0110.0h","00990.5mbar","000790ppm"
"XGC00103","0+21.7?32.5%","000.0000mmol/L","006.72pH","000.29m/s","0NNE","00000.0mm/h","0022.5?078.4%11743.3Lux*","000141umol/m2*s","0112.0h","00990.3mbar","000779ppm"
"XGC00103","0+21.7?32.5%","000.0000mmol/L","006.72pH","001.33m/s","0NNE","00000.0mm/h","0025.0?068.7%13139.2Lux*","000156umol/m2*s","0114.0h","00990.4mbar","000737ppm"
"XGC00103","0+21.6?32.4%","000.0000mmol/L","006.72pH","000.00m/s","0 SW","00000.0mm/h","0025.0?068.1%14180.8Lux*","000165umol/m2*s","0115.0h","00990.5mbar","000677ppm"
"XGC00103","0+21.6?32.4%","000.0000mmol/L","006.72pH","000.37m/s","0ENE","00000.0mm/h","0025.5?067.5%15389.2Lux*","000172umol/m2*s","0117.0h","00990.5mbar","000657ppm"
"XGC00103","0+21.6?32.4%","000.0000mmol/L","006.72pH","000.44m/s","0 NE","00000.0mm/h","0026.9?064.0%17690.0Lux*","000189umol/m2*s","0119.0h","00990.6mbar","000724ppm"
"XGC00103","0+21.5?32.3%","000.0000mmol/L","006.72pH","000.88m/s","0ENE","00000.0mm/h","0027.0?063.2%17370.0Lux*","000190umol/m2*s","0121.0h","00990.6mbar","000808ppm"
"XGC00103","0+21.5?32.3%","000.0000mmol/L","006.72pH","000.66m/s","0 NE","00000.0mm/h","0026.6?068.0%20219.2Lux*","000203umol/m2*s","0123.0h","00990.6mbar","000856ppm"
"XGC00103","0+21.5?32.2%","000.0000mmol/L","006.72pH","000.81m/s","0NNE","00000.0mm/h","0027.7?064.4%20445.8Lux*","000221umol/m2*s","0125.0h","00990.6mbar","000745ppm"
"XGC00103","0+21.5?32.3%","000.0000mmol/L","006.72pH","000.59m/s","0ENE","00000.0mm/h","0030.1?056.0%21304.2Lux*","000228umol/m2*s","0126.0h","00990.7mbar","000674ppm"
"XGC00103","0+21.4?32.2%","000.0000mmol/L","006.73pH","000.44m/s","0SSE","00000.0mm/h","0030.7?054.6%22055.0Lux*","000260umol/m2*s","0128.0h","00990.8mbar","000591ppm"
"XGC00103","0+21.4?32.1%","000.0000mmol/L","006.72pH","000.00m/s","0SSW","00000.0mm/h","0029.1?060.5%20060.8Lux*","000444umol/m2*s","0130.0h","00990.8mbar","000549ppm"
"XGC00103","0+21.4?32.0%","000.0000mmol/L","006.72pH","000.88m/s","0ENE","00000.0mm/h","0029.5?060.0%20047.5Lux*","000545umol/m2*s","0132.0h","00990.8mbar","000553ppm"
"XGC00103","0+21.4?32.0%","000.0000mmol/L","006.72pH","000.66m/s","0 SE","00000.0mm/h","0030.1?059.1%25235.8Lux*","000313umol/m2*s","0134.0h","00990.8mbar","000517ppm"
"XGC00103","0+21.5?32.0%","000.0000mmol/L","006.72pH","000.44m/s","0 SE","00000.0mm/h","0030.7?055.4%24974.2Lux*","000302umol/m2*s","0135.0h","00990.8mbar","000501ppm"
"XGC00103","0+21.5?32.0%","000.0000mmol/L","006.73pH","000.51m/s","0  E","00000.0mm/h","0032.7?052.6%26340.0Lux*","000299umol/m2*s","0137.0h","00990.9mbar","000463ppm"
"XGC00103","0+21.5?31.9%","000.0000mmol/L","006.72pH","000.73m/s","0  E","00000.0mm/h","0033.2?052.0%26587.5Lux*","000325umol/m2*s","0139.0h","00990.9mbar","000437ppm"
"XGC00103","0+21.5?31.9%","000.0000mmol/L","006.72pH","000.44m/s","0NNE","00000.0mm/h","0032.7?052.8%14104.2Lux*","000393umol/m2*s","0141.0h","00990.8mbar","000435ppm"
"XGC00103","0+21.6?31.9%","000.0000mmol/L","006.73pH","000.59m/s","0 SE","00000.0mm/h","0030.9?056.1%14394.2Lux*","000446umol/m2*s","0143.0h","00990.8mbar","000424ppm"
"XGC00103","0+21.7?31.8%","000.0000mmol/L","006.72pH","000.88m/s","0  N","00000.0mm/h","0034.0?050.0%11887.5Lux*","000396umol/m2*s","0144.0h","00990.7mbar","000407ppm"
"XGC00103","0+21.7?32.0%","000.0000mmol/L","006.73pH","004.07m/s","0NNE","00000.0mm/h","0033.2?050.8%08922.5Lux*","000323umol/m2*s","000.0h","00990.8mbar","000411ppm"
"XGC00103","0+22.0?32.8%","000.0000mmol/L","006.69pH","001.40m/s","0  E","00000.0mm/h","0029.2?059.5%11775.8Lux*","000451umol/m2*s","000.0h","00990.3mbar","000413ppm"
"XGC00103","0+22.1?32.8%","000.0000mmol/L","006.69pH","000.73m/s","0ESE","00000.0mm/h","0029.1?061.9%11070.0Lux*","000455umol/m2*s","000.0h","00990.3mbar","000412ppm"
"XGC00103","0+22.1?32.7%","000.0000mmol/L","006.68pH","000.15m/s","0  E","00000.0mm/h","0029.3?058.3%09812.5Lux*","000344umol/m2*s","002.0h","00990.3mbar","000399ppm"
"XGC00103","0+22.2?32.6%","000.0000mmol/L","006.68pH","000.81m/s","0 NW","00000.0mm/h","0030.6?056.1%11264.2Lux*","000531umol/m2*s","003.0h","00990.2mbar","000383ppm"
"XGC00103","0+22.3?32.5%","000.0000mmol/L","006.68pH","000.44m/s","0  N","00000.0mm/h","0032.3?051.8%11225.8Lux*","000555umol/m2*s","005.0h","00990.2mbar","000371ppm"
"XGC00103","0+22.3?32.3%","000.0000mmol/L","006.68pH","000.00m/s","0 NW","00000.0mm/h","0031.2?054.5%11890.8Lux*","000486umol/m2*s","007.0h","00990.1mbar","000358ppm"
"XGC00103","0+22.4?32.2%","000.0000mmol/L","006.69pH","000.22m/s","0ENE","00000.0mm/h","0032.5?050.4%11819.2Lux*","000466umol/m2*s","009.0h","00990.1mbar","000368ppm"
"XGC00103","0+22.5?32.1%","000.0000mmol/L","006.68pH","001.11m/s","0ENE","00000.0mm/h","0032.1?053.0%11231.7Lux*","000448umol/m2*s","011.0h","00990.1mbar","000364ppm"
"XGC00103","0+22.6?32.1%","000.0000mmol/L","006.69pH","000.15m/s","0 SE","00000.0mm/h","0031.2?062.1%12053.3Lux*","000668umol/m2*s","012.0h","00990.0mbar","000369ppm"
"XGC00103","0+22.6?32.0%","000.0000mmol/L","006.69pH","001.77m/s","0  N","00000.0mm/h","0032.4?050.4%11909.2Lux*","001198umol/m2*s","014.0h","00989.8mbar","000370ppm"
"XGC00103","0+22.7?32.1%","000.0000mmol/L","006.69pH","000.29m/s","0  E","00000.0mm/h","0030.9?055.6%12255.8Lux*","001242umol/m2*s","016.0h","00989.7mbar","000370ppm"
"XGC00103","0+22.8?32.0%","000.0000mmol/L","006.69pH","000.44m/s","0ENE","00000.0mm/h","0032.2?050.6%10673.3Lux*","000464umol/m2*s","018.0h","00989.7mbar","000364ppm"
"XGC00103","0+22.9?32.0%","000.0000mmol/L","006.70pH","000.29m/s","0ENE","00000.0mm/h","0032.1?051.8%12943.3Lux*","001195umol/m2*s","020.0h","00989.7mbar","000369ppm"
"XGC00103","0+23.0?32.1%","000.0000mmol/L","006.69pH","001.11m/s","0NNE","00000.0mm/h","0032.7?049.6%12780.0Lux*","000986umol/m2*s","021.0h","00989.6mbar","000356ppm"
"XGC00103","0+23.1?32.0%","000.0000mmol/L","006.69pH","000.66m/s","0 SE","00000.0mm/h","0031.1?053.0%12480.0Lux*","000661umol/m2*s","023.0h","00989.6mbar","000368ppm"
"XGC00103","0+23.2?32.0%","000.0000mmol/L","006.70pH","001.18m/s","0ESE","00000.0mm/h","0030.2?059.4%09053.3Lux*","000295umol/m2*s","025.0h","00989.6mbar","000367ppm"
"XGC00103","0+23.3?32.1%","000.0000mmol/L","006.70pH","000.66m/s","0ENE","00000.0mm/h","0030.6?056.8%07750.0Lux*","000273umol/m2*s","027.0h","00989.6mbar","000365ppm"
"XGC00103","0+23.4?32.2%","000.0000mmol/L","006.69pH","000.37m/s","0 SE","00000.0mm/h","0030.2?058.4%09195.8Lux*","000260umol/m2*s","029.0h","00989.6mbar","000362ppm"
"XGC00103","0+23.5?32.2%","000.0000mmol/L","006.70pH","000.81m/s","0ESE","00000.0mm/h","0031.5?053.0%10946.7Lux*","000409umol/m2*s","030.0h","00989.6mbar","000355ppm"
"XGC00103","0+23.6?32.2%","000.0000mmol/L","006.70pH","001.03m/s","0  E","00000.0mm/h","0029.0?064.3%07088.3Lux*","000253umol/m2*s","032.0h","00989.6mbar","000365ppm"
"XGC00103","0+23.7?32.3%","000.0000mmol/L","006.70pH","000.22m/s","0ENE","00000.0mm/h","0029.2?065.1%07229.2Lux*","000182umol/m2*s","034.0h","00989.5mbar","000359ppm"
"XGC00103","0+23.7?32.3%","000.0000mmol/L","006.70pH","000.15m/s","0  E","00000.0mm/h","0029.5?065.3%08693.3Lux*","000282umol/m2*s","036.0h","00989.4mbar","000364ppm"
"XGC00103","0+23.8?32.3%","000.0000mmol/L","006.70pH","001.03m/s","0ENE","00000.0mm/h","0029.6?061.8%08978.3Lux*","000309umol/m2*s","038.0h","00989.2mbar","000365ppm"
"XGC00103","0+23.9?32.2%","000.0000mmol/L","006.70pH","000.29m/s","0  E","00000.0mm/h","0030.7?062.0%11218.3Lux*","000569umol/m2*s","039.0h","00989.2mbar","000361ppm"
"XGC00103","0+24.0?32.2%","000.0000mmol/L","006.70pH","000.59m/s","0ENE","00000.0mm/h","0029.7?063.3%08861.7Lux*","000361umol/m2*s","041.0h","00989.1mbar","000365ppm"
"XGC00103","0+24.0?32.3%","000.0000mmol/L","006.70pH","000.44m/s","0ESE","00000.0mm/h","0029.7?063.2%09115.8Lux*","000352umol/m2*s","043.0h","00989.0mbar","000364ppm"
"XGC00103","0+24.1?32.3%","000.0000mmol/L","006.70pH","000.51m/s","0  E","00000.0mm/h","0029.9?066.1%08329.2Lux*","000326umol/m2*s","045.0h","00989.0mbar","000355ppm"
"XGC00103","0+24.1?32.4%","000.0000mmol/L","006.72pH","000.73m/s","0ENE","00000.0mm/h","0029.1?067.6%07424.2Lux*","000253umol/m2*s","047.0h","00988.9mbar","000356ppm"
"XGC00103","0+24.2?32.5%","000.0000mmol/L","006.70pH","000.51m/s","0 NE","00000.0mm/h","0028.6?067.8%06812.5Lux*","000223umol/m2*s","048.0h","00988.9mbar","000366ppm"
"XGC00103","0+24.2?32.6%","000.0000mmol/L","006.72pH","000.73m/s","0 NE","00000.0mm/h","0028.3?070.0%06222.5Lux*","000204umol/m2*s","050.0h","00988.8mbar","000365ppm"
"XGC00103","0+24.3?32.5%","000.0000mmol/L","006.72pH","000.66m/s","0  E","00000.0mm/h","0028.4?071.7%06290.0Lux*","000210umol/m2*s","052.0h","00988.6mbar","000368ppm"
"XGC00103","0+24.3?32.5%","000.0000mmol/L","006.72pH","000.37m/s","0 NE","00000.0mm/h","0028.6?071.3%06718.3Lux*","000240umol/m2*s","054.0h","00988.6mbar","000363ppm"
"XGC00103","0+24.3?32.5%","000.0000mmol/L","006.72pH","000.44m/s","0ENE","00000.0mm/h","0028.8?072.7%05550.0Lux*","000180umol/m2*s","056.0h","00988.6mbar","000360ppm"
"XGC00103","0+24.4?32.5%","000.0000mmol/L","006.72pH","000.59m/s","0  E","00000.0mm/h","0028.5?073.2%05202.5Lux*","000168umol/m2*s","057.0h","00988.7mbar","000362ppm"
"XGC00103","0+24.4?32.5%","000.0000mmol/L","006.73pH","000.66m/s","0ENE","00000.0mm/h","0028.1?074.5%04357.5Lux*","000132umol/m2*s","059.0h","00988.6mbar","000365ppm"
"XGC00103","0+24.4?32.5%","000.0000mmol/L","006.72pH","000.51m/s","0ESE","00000.0mm/h","0027.9?074.3%03862.5Lux*","000119umol/m2*s","061.0h","00988.6mbar","000375ppm"
"XGC00103","0+24.4?32.5%","000.0000mmol/L","006.72pH","000.44m/s","0 SE","00000.0mm/h","0028.1?063.9%03313.3Lux*","000099umol/m2*s","063.0h","00988.5mbar","000372ppm"
"XGC00103","0+24.5?32.5%","000.0000mmol/L","006.73pH","000.00m/s","0NNE","00000.0mm/h","0028.8?072.0%03668.3Lux*","000121umol/m2*s","065.0h","00988.4mbar","000359ppm"
"XGC00103","0+24.5?32.4%","000.0000mmol/L","006.73pH","000.07m/s","0  E","00000.0mm/h","0029.1?067.5%03770.0Lux*","000108umol/m2*s","066.0h","00988.5mbar","000353ppm"
"XGC00103","0+24.5?32.4%","000.0000mmol/L","006.73pH","000.44m/s","0WSW","00000.0mm/h","0028.2?069.8%02940.8Lux*","000093umol/m2*s","068.0h","00988.4mbar","000359ppm"
"XGC00103","0+24.5?32.4%","000.0000mmol/L","006.73pH","001.26m/s","0 SW","00000.0mm/h","0027.9?066.0%02920.8Lux*","000087umol/m2*s","070.0h","00988.4mbar","000382ppm"
"XGC00103","0+24.5?32.4%","000.0000mmol/L","006.73pH","000.73m/s","0 SW","00000.0mm/h","0027.7?068.5%02742.5Lux*","000086umol/m2*s","072.0h","00988.4mbar","000385ppm"
"XGC00103","0+24.5?32.4%","000.0000mmol/L","006.73pH","000.73m/s","0 SW","00000.0mm/h","0027.4?067.6%01960.0Lux*","000059umol/m2*s","074.0h","00988.4mbar","000394ppm"
"XGC00103","0+24.5?32.4%","000.0000mmol/L","006.73pH","000.59m/s","0SSW","00000.0mm/h","0026.9?068.8%01475.0Lux*","000054umol/m2*s","075.0h","00988.2mbar","000404ppm"
"XGC00103","0+24.6?32.5%","000.0000mmol/L","006.73pH","001.03m/s","0WSW","00000.0mm/h","0026.7?069.0%01185.8Lux*","000039umol/m2*s","077.0h","00988.2mbar","000415ppm"
"XGC00103","0+24.5?32.5%","000.0000mmol/L","006.73pH","000.81m/s","0 SW","00000.0mm/h","0026.4?068.5%00490.8Lux*","000014umol/m2*s","079.0h","00988.2mbar","000419ppm"
"XGC00103","0+24.6?32.6%","000.0000mmol/L","006.73pH","000.66m/s","0SSW","00000.0mm/h","0026.2?068.5%00388.3Lux*","000014umol/m2*s","081.0h","00988.1mbar","000417ppm"
"XGC00103","0+24.5?32.5%","000.0000mmol/L","006.73pH","000.00m/s","0  S","00000.0mm/h","0026.2?069.7%00370.0Lux*","000012umol/m2*s","083.0h","00988.0mbar","000419ppm"
"XGC00103","0+24.5?32.5%","000.0000mmol/L","006.73pH","000.51m/s","0  S","00000.0mm/h","0026.2?068.6%00183.3Lux*","000006umol/m2*s","084.0h","00988.0mbar","000419ppm"
"XGC00103","0+24.5?32.6%","000.0000mmol/L","006.75pH","000.22m/s","0WSW","00000.0mm/h","0025.9?072.4%00070.0Lux*","000002umol/m2*s","086.0h","00988.2mbar","000432ppm"
"XGC00103","0+24.5?32.6%","000.0000mmol/L","006.73pH","000.07m/s","0WNW","00000.0mm/h","0025.4?078.3%00025.8Lux*","000001umol/m2*s","088.0h","00988.2mbar","000465ppm"
"XGC00103","0+24.5?32.6%","000.0000mmol/L","006.73pH","001.03m/s","0WSW","00000.0mm/h","0025.1?078.9%00010.0Lux*","000000umol/m2*s","090.0h","00988.3mbar","000493ppm"
"XGC00103","0+24.5?32.6%","000.0000mmol/L","006.73pH","003.77m/s","0  W","00000.0mm/h","0025.8?070.2%00001.7Lux*","000000umol/m2*s","092.0h","00988.6mbar","000443ppm"
"XGC00103","0+24.5?32.6%","000.0000mmol/L","006.73pH","004.15m/s","0WSW","00000.0mm/h","0025.2?073.7%00000.0Lux*","000000umol/m2*s","093.0h","00988.8mbar","000455ppm"
"XGC00103","0+24.4?32.7%","000.0000mmol/L","006.73pH","002.66m/s","0WSW","00000.0mm/h","0024.8?075.4%00000.0Lux*","000000umol/m2*s","095.0h","00988.9mbar","000459ppm"
"XGC00103","0+24.4?32.7%","000.0000mmol/L","006.73pH","001.70m/s","0 SW","00000.0mm/h","0024.4?078.1%00000.0Lux*","000000umol/m2*s","097.0h","00989.0mbar","000465ppm"
"XGC00103","0+24.4?32.7%","000.0000mmol/L","006.73pH","002.73m/s","0 NW","00000.0mm/h","0024.0?080.3%00000.0Lux*","000000umol/m2*s","099.0h","00989.1mbar","000470ppm"
"XGC00103","0+24.4?32.7%","000.0000mmol/L","006.73pH","000.15m/s","0SSW","00000.0mm/h","0023.9?080.9%00000.0Lux*","000000umol/m2*s","0101.0h","00989.0mbar","000460ppm"
"XGC00103","0+24.3?32.7%","000.0000mmol/L","006.73pH","000.00m/s","0SSE","00000.0mm/h","0023.7?083.2%00000.0Lux*","000000umol/m2*s","0102.0h","00989.0mbar","000460ppm"
"XGC00103","0+24.3?32.7%","000.0000mmol/L","006.73pH","001.40m/s","0 SW","00000.0mm/h","0023.5?081.7%00000.0Lux*","000000umol/m2*s","0104.0h","00989.1mbar","000483ppm"
"XGC00103","0+24.3?32.7%","000.0000mmol/L","006.73pH","000.96m/s","0SSW","00000.0mm/h","0023.2?083.9%00000.0Lux*","000000umol/m2*s","0106.0h","00989.1mbar","000494ppm"
"XGC00103","0+24.2?32.7%","000.0000mmol/L","006.73pH","004.22m/s","0WSW","00000.0mm/h","0023.3?082.2%00000.0Lux*","000000umol/m2*s","0108.0h","00989.3mbar","000492ppm"
"XGC00103","0+24.2?32.7%","000.0000mmol/L","006.73pH","003.48m/s","0SSW","00000.0mm/h","0022.9?085.9%00000.0Lux*","000000umol/m2*s","0110.0h","00989.3mbar","000506ppm"
"XGC00103","0+24.1?32.8%","000.0000mmol/L","006.73pH","004.00m/s","0WSW","00000.0mm/h","0022.7?086.3%00000.0Lux*","000000umol/m2*s","0111.0h","00989.4mbar","000523ppm"
"XGC00103","0+24.1?32.8%","000.0000mmol/L","006.73pH","002.37m/s","0  S","00000.0mm/h","0022.3?087.3%00000.0Lux*","000000umol/m2*s","0113.0h","00989.3mbar","000536ppm"
"XGC00103","0+24.0?32.8%","000.0000mmol/L","006.72pH","004.88m/s","0SSW","00000.0mm/h","0021.4?088.8%00000.0Lux*","000000umol/m2*s","0115.0h","00989.3mbar","000547ppm"
"XGC00103","0+24.0?32.9%","000.0000mmol/L","006.73pH","004.22m/s","0WSW","00000.0mm/h","0021.1?090.2%00000.0Lux*","000000umol/m2*s","0117.0h","00989.3mbar","000565ppm"
"XGC00103","0+24.0?32.9%","000.0000mmol/L","006.73pH","002.88m/s","0 SW","00000.0mm/h","0020.9?092.1%00000.0Lux*","000000umol/m2*s","0119.0h","00989.2mbar","000594ppm"
"XGC00103","0+23.9?33.0%","000.0000mmol/L","006.72pH","001.33m/s","0 SW","00000.0mm/h","0020.9?091.7%00000.0Lux*","000000umol/m2*s","0120.0h","00989.2mbar","000600ppm"
"XGC00103","0+23.9?33.0%","000.0000mmol/L","006.72pH","001.40m/s","0SSW","00000.0mm/h","0021.0?090.8%00000.0Lux*","000000umol/m2*s","0122.0h","00989.0mbar","000598ppm"
"XGC00103","0+23.8?33.0%","000.0000mmol/L","006.72pH","000.29m/s","0SSW","00000.0mm/h","0020.9?091.8%00000.0Lux*","000000umol/m2*s","0124.0h","00988.8mbar","000598ppm"
"XGC00103","0+23.8?33.0%","000.0000mmol/L","006.72pH","000.88m/s","0SSW","00000.0mm/h","0020.9?090.5%00000.0Lux*","000000umol/m2*s","0126.0h","00988.6mbar","000600ppm"
"XGC00103","0+23.7?32.9%","000.0000mmol/L","006.72pH","002.00m/s","0SSW","00000.0mm/h","0021.0?088.2%00000.0Lux*","000000umol/m2*s","0128.0h","00988.5mbar","000594ppm"
"XGC00103","0+23.7?33.0%","000.0000mmol/L","006.72pH","000.29m/s","0WSW","00000.0mm/h","0020.8?089.9%00000.0Lux*","000000umol/m2*s","0129.0h","00988.5mbar","000584ppm"
"XGC00103","0+23.6?33.0%","000.0000mmol/L","006.72pH","000.00m/s","0  S","00000.0mm/h","0020.6?091.7%00000.0Lux*","000000umol/m2*s","0131.0h","00988.5mbar","000585ppm"
"XGC00103","0+23.6?33.0%","000.0000mmol/L","006.72pH","000.29m/s","0 NE","00000.0mm/h","0020.6?091.7%00000.0Lux*","000000umol/m2*s","0133.0h","00988.4mbar","000567ppm"
"XGC00103","0+23.5?33.0%","000.0000mmol/L","006.72pH","000.22m/s","0ENE","00000.0mm/h","0020.4?095.9%00000.0Lux*","000000umol/m2*s","0135.0h","00988.3mbar","000639ppm"
"XGC00103","0+23.5?33.0%","000.0000mmol/L","006.72pH","000.29m/s","0  E","00000.0mm/h","0020.2?097.4%00000.0Lux*","000000umol/m2*s","0137.0h","00988.1mbar","000650ppm"
"XGC00103","0+23.4?33.0%","000.0000mmol/L","006.70pH","000.15m/s","0NNE","00000.0mm/h","0020.4?098.0%00000.0Lux*","000000umol/m2*s","0138.0h","00988.1mbar","000643ppm"
"XGC00103","0+23.3?33.0%","000.0000mmol/L","006.70pH","001.26m/s","0 NE","00000.0mm/h","0020.3?097.8%00000.0Lux*","000000umol/m2*s","0140.0h","00988.1mbar","000726ppm"
"XGC00104","0+23.0?27.5%","000.0000mmol/L","007.52pH","000.07m/s","0 SW","00000.0mm/h","0030.6?060.3%13200.0Lux*","000437umol/m2*s","000.0h","00989.3mbar","000407ppm"
"XGC00104","0+23.0?27.5%","000.0000mmol/L","007.52pH","000.15m/s","0  N","00000.0mm/h","0031.0?057.2%12505.8Lux*","000468umol/m2*s","000.0h","00989.2mbar","000360ppm"
"XGC00104","0+23.0?27.2%","000.0000mmol/L","007.52pH","000.73m/s","0WNW","00000.0mm/h","0030.9?057.3%12587.5Lux*","000451umol/m2*s","002.0h","00989.0mbar","000345ppm"
"XGC00104","0+23.0?27.0%","000.0000mmol/L","007.54pH","000.81m/s","0 SE","00000.0mm/h","0030.1?057.1%10892.5Lux*","000433umol/m2*s","004.0h","00989.0mbar","000368ppm"
"XGC00104","0+23.0?27.0%","000.0000mmol/L","007.54pH","000.00m/s","0NNE","00000.0mm/h","0030.5?057.7%12626.7Lux*","000539umol/m2*s","006.0h","00988.9mbar","000370ppm"
"XGC00104","0+23.0?26.9%","000.0000mmol/L","007.52pH","000.00m/s","0ESE","00000.0mm/h","0031.6?055.0%11414.2Lux*","000429umol/m2*s","008.0h","00988.9mbar","000362ppm"
"XGC00104","0+23.0?26.8%","000.0000mmol/L","007.54pH","000.44m/s","0SSE","00000.0mm/h","0031.3?055.8%12664.2Lux*","000526umol/m2*s","009.0h","00988.9mbar","000377ppm"
"XGC00104","0+23.0?26.8%","000.0000mmol/L","007.54pH","000.37m/s","0 SW","00000.0mm/h","0030.9?056.0%12120.8Lux*","000551umol/m2*s","011.0h","00988.9mbar","000382ppm"
"XGC00104","0+23.0?26.8%","000.0000mmol/L","007.54pH","000.07m/s","0 NW","00000.0mm/h","0031.9?053.0%11076.7Lux*","000431umol/m2*s","013.0h","00988.8mbar","000367ppm"
"XGC00104","0+23.0?26.8%","000.0000mmol/L","007.54pH","001.03m/s","0NNW","00000.0mm/h","0029.8?059.9%11556.7Lux*","000574umol/m2*s","015.0h","00988.7mbar","000380ppm"
"XGC00104","0+23.0?26.8%","000.0000mmol/L","007.54pH","000.00m/s","0  W","00000.0mm/h","0030.9?056.8%11444.2Lux*","000454umol/m2*s","017.0h","00988.6mbar","000373ppm"
"XGC00104","0+23.0?26.9%","000.0000mmol/L","007.54pH","000.07m/s","0  N","00000.0mm/h","0031.8?055.8%12145.8Lux*","000738umol/m2*s","018.0h","00988.5mbar","000360ppm"
"XGC00104","0+23.0?26.8%","000.0000mmol/L","007.52pH","000.88m/s","0  W","00000.0mm/h","0032.3?056.8%12407.5Lux*","001130umol/m2*s","020.0h","00988.5mbar","000360ppm"
"XGC00104","0+23.0?26.8%","000.0000mmol/L","007.52pH","000.59m/s","0WNW","00000.0mm/h","0031.4?057.1%14270.0Lux*","001223umol/m2*s","022.0h","00988.4mbar","000363ppm"
"XGC00104","0+23.0?26.8%","000.0000mmol/L","007.54pH","000.15m/s","0  S","00000.0mm/h","0032.5?052.9%12980.8Lux*","001027umol/m2*s","024.0h","00988.4mbar","000364ppm"
"XGC00104","0+23.0?26.8%","000.0000mmol/L","007.52pH","000.73m/s","0 NW","00000.0mm/h","0031.4?054.3%13705.0Lux*","001017umol/m2*s","026.0h","00988.4mbar","000375ppm"
"XGC00104","0+23.0?26.8%","000.0000mmol/L","007.52pH","000.37m/s","0WNW","00000.0mm/h","0031.1?054.8%08776.7Lux*","000363umol/m2*s","027.0h","00988.3mbar","000380ppm"
"XGC00104","0+23.0?26.9%","000.0000mmol/L","007.52pH","000.22m/s","0NNW","00000.0mm/h","0030.2?061.2%07991.7Lux*","000278umol/m2*s","029.0h","00988.3mbar","000381ppm"
"XGC00104","0+23.0?27.0%","000.0000mmol/L","007.52pH","000.73m/s","0WNW","00000.0mm/h","0031.6?057.4%09220.0Lux*","000327umol/m2*s","031.0h","00988.4mbar","000372ppm"
"XGC00104","0+23.0?27.0%","000.0000mmol/L","007.52pH","000.07m/s","0  W","00000.0mm/h","0031.6?054.7%13380.8Lux*","000498umol/m2*s","033.0h","00988.3mbar","000371ppm"
"XGC00104","0+23.0?27.1%","000.0000mmol/L","007.52pH","001.18m/s","0 NW","00000.0mm/h","0029.1?062.7%07580.0Lux*","000297umol/m2*s","035.0h","00988.3mbar","000379ppm"
"XGC00104","0+23.0?27.2%","000.0000mmol/L","007.52pH","000.51m/s","0WNW","00000.0mm/h","0029.2?063.4%07581.7Lux*","000273umol/m2*s","036.0h","00988.2mbar","000377ppm"
"XGC00104","0+23.0?27.2%","000.0000mmol/L","007.52pH","000.81m/s","0WNW","00000.0mm/h","0029.4?061.5%10002.5Lux*","000415umol/m2*s","038.0h","00988.1mbar","000377ppm"
"XGC00104","0+23.0?27.3%","000.0000mmol/L","007.52pH","001.03m/s","0NNW","00000.0mm/h","0029.7?061.0%11187.5Lux*","000492umol/m2*s","040.0h","00987.9mbar","000374ppm"
"XGC00104","0+23.1?27.2%","000.0000mmol/L","007.52pH","000.66m/s","0  W","00000.0mm/h","0030.3?060.6%12405.8Lux*","000530umol/m2*s","042.0h","00987.9mbar","000372ppm"
"XGC00104","0+23.1?27.2%","000.0000mmol/L","007.52pH","001.48m/s","0WNW","00000.0mm/h","0029.9?059.7%09688.3Lux*","000395umol/m2*s","044.0h","00987.8mbar","000374ppm"
"XGC00104","0+23.1?27.2%","000.0000mmol/L","007.52pH","000.66m/s","0 NW","00000.0mm/h","0030.0?060.9%09310.0Lux*","000366umol/m2*s","045.0h","00987.7mbar","000371ppm"
"XGC00104","0+23.1?27.3%","000.0000mmol/L","007.52pH","000.66m/s","0WNW","00000.0mm/h","0029.7?062.3%08821.7Lux*","000356umol/m2*s","047.0h","00987.7mbar","000368ppm"
"XGC00104","0+23.1?27.4%","000.0000mmol/L","007.52pH","000.37m/s","0 NW","00000.0mm/h","0029.2?064.6%07114.2Lux*","000263umol/m2*s","049.0h","00987.7mbar","000369ppm"
"XGC00104","0+23.1?27.4%","000.0000mmol/L","007.52pH","000.59m/s","0 NW","00000.0mm/h","0029.0?067.4%06482.5Lux*","000234umol/m2*s","051.0h","00987.6mbar","000362ppm"
"XGC00104","0+23.1?27.5%","000.0000mmol/L","007.54pH","000.59m/s","0NNW","00000.0mm/h","0028.7?066.3%06161.7Lux*","000240umol/m2*s","053.0h","00987.5mbar","000365ppm"
"XGC00104","0+23.1?27.5%","000.0000mmol/L","007.54pH","000.66m/s","0 NW","00000.0mm/h","0028.7?067.2%06438.3Lux*","000288umol/m2*s","054.0h","00987.4mbar","000364ppm"
"XGC00104","0+23.2?27.5%","000.0000mmol/L","007.54pH","000.44m/s","0  W","00000.0mm/h","0029.0?066.9%06911.7Lux*","000328umol/m2*s","056.0h","00987.4mbar","000357ppm"
"XGC00104","0+23.2?27.5%","000.0000mmol/L","007.54pH","000.22m/s","0WNW","00000.0mm/h","0029.0?067.0%05348.3Lux*","000232umol/m2*s","058.0h","00987.4mbar","000355ppm"
"XGC00104","0+23.2?27.5%","000.0000mmol/L","007.54pH","000.51m/s","0WNW","00000.0mm/h","0028.6?068.3%04980.8Lux*","000214umol/m2*s","060.0h","00987.4mbar","000356ppm"
"XGC00104","0+23.2?27.5%","000.0000mmol/L","007.54pH","000.15m/s","0WNW","00000.0mm/h","0028.5?070.7%04147.5Lux*","000174umol/m2*s","062.0h","00987.4mbar","000355ppm"
"XGC00104","0+23.2?27.5%","000.0000mmol/L","007.52pH","000.00m/s","0WNW","00000.0mm/h","0028.7?070.2%03723.3Lux*","000164umol/m2*s","063.0h","00987.4mbar","000348ppm"
"XGC00104","0+23.2?27.5%","000.0000mmol/L","007.52pH","000.07m/s","0  S","00000.0mm/h","0028.6?072.5%03170.0Lux*","000136umol/m2*s","065.0h","00987.4mbar","000358ppm"
"XGC00104","0+23.3?27.5%","000.0000mmol/L","007.52pH","000.66m/s","0SSE","00000.0mm/h","0028.3?070.9%03943.3Lux*","000190umol/m2*s","067.0h","00987.3mbar","000363ppm"
"XGC00104","0+23.3?27.6%","000.0000mmol/L","007.52pH","000.00m/s","0SSE","00000.0mm/h","0029.0?070.4%03390.8Lux*","000145umol/m2*s","069.0h","00987.3mbar","000355ppm"
"XGC00104","0+23.3?27.6%","000.0000mmol/L","007.52pH","000.00m/s","0SSE","00000.0mm/h","0028.5?073.6%02886.7Lux*","000126umol/m2*s","071.0h","00987.3mbar","000354ppm"
"XGC00104","0+23.3?27.6%","000.0000mmol/L","007.52pH","000.00m/s","0SSE","00000.0mm/h","0027.9?075.6%02883.3Lux*","000124umol/m2*s","072.0h","00987.3mbar","000373ppm"
"XGC00104","0+23.3?27.6%","000.0000mmol/L","007.52pH","000.00m/s","0SSW","00000.0mm/h","0028.0?073.4%02586.7Lux*","000123umol/m2*s","074.0h","00987.2mbar","000379ppm"
"XGC00104","0+23.4?27.6%","000.0000mmol/L","007.51pH","000.00m/s","0SSE","00000.0mm/h","0027.1?073.6%01680.0Lux*","000070umol/m2*s","076.0h","00987.1mbar","000400ppm"
"XGC00104","0+23.4?27.7%","000.0000mmol/L","007.51pH","000.07m/s","0ESE","00000.0mm/h","0026.4?071.7%01506.7Lux*","000075umol/m2*s","078.0h","00987.0mbar","000419ppm"
"XGC00104","0+23.4?27.8%","000.0000mmol/L","007.51pH","000.59m/s","0ESE","00000.0mm/h","0026.2?070.6%00930.8Lux*","000036umol/m2*s","080.0h","00986.9mbar","000425ppm"
"XGC00104","0+23.4?27.8%","000.0000mmol/L","007.51pH","000.00m/s","0  S","00000.0mm/h","0025.8?074.6%00433.3Lux*","000020umol/m2*s","081.0h","00987.0mbar","000442ppm"
"XGC00104","0+23.4?27.9%","000.0000mmol/L","007.51pH","000.00m/s","0SSW","00000.0mm/h","0025.4?079.3%00400.0Lux*","000018umol/m2*s","083.0h","00986.9mbar","000454ppm"
"XGC00104","0+23.5?27.9%","000.0000mmol/L","007.50pH","000.00m/s","0SSW","00000.0mm/h","0025.1?083.0%00325.0Lux*","000012umol/m2*s","085.0h","00986.9mbar","000468ppm"
"XGC00104","0+23.5?27.9%","000.0000mmol/L","007.50pH","000.44m/s","0  S","00000.0mm/h","0024.6?086.6%00141.7Lux*","000006umol/m2*s","087.0h","00986.9mbar","000507ppm"
"XGC00104","0+23.5?27.9%","000.0000mmol/L","007.50pH","000.00m/s","0SSE","00000.0mm/h","0024.1?085.3%00055.0Lux*","000003umol/m2*s","089.0h","00987.0mbar","000487ppm"
"XGC00104","0+23.5?27.9%","000.0000mmol/L","007.50pH","000.00m/s","0ESE","00000.0mm/h","0024.2?082.8%00020.8Lux*","000001umol/m2*s","090.0h","00987.1mbar","000463ppm"
"XGC00104","0+23.5?28.0%","000.0000mmol/L","007.51pH","000.73m/s","0SSE","00000.0mm/h","0024.2?080.5%00006.7Lux*","000000umol/m2*s","092.0h","00987.2mbar","000466ppm"
"XGC00104","0+23.5?28.0%","000.0000mmol/L","007.51pH","004.66m/s","0ESE","00000.0mm/h","0024.8?076.6%00000.8Lux*","000000umol/m2*s","094.0h","00987.4mbar","000448ppm"
"XGC00104","0+23.6?28.1%","000.0000mmol/L","007.54pH","004.00m/s","0SSE","00000.0mm/h","0024.4?077.5%00000.0Lux*","000000umol/m2*s","096.0h","00987.7mbar","000451ppm"
"XGC00104","0+23.6?28.1%","000.0000mmol/L","007.57pH","000.81m/s","0SSE","00000.0mm/h","0024.1?079.7%00000.0Lux*","000000umol/m2*s","098.0h","00987.8mbar","000456ppm"
"XGC00104","0+23.6?28.1%","000.0000mmol/L","007.57pH","000.15m/s","0ESE","00000.0mm/h","0023.6?082.9%00000.0Lux*","000000umol/m2*s","099.0h","00987.9mbar","000457ppm"
"XGC00104","0+23.6?28.1%","000.0000mmol/L","007.55pH","000.00m/s","0WNW","00000.0mm/h","0023.2?085.6%00000.0Lux*","000000umol/m2*s","0101.0h","00988.0mbar","000459ppm"
"XGC00104","0+23.6?28.1%","000.0000mmol/L","007.54pH","000.29m/s","0  W","00000.0mm/h","0023.0?086.2%00000.0Lux*","000000umol/m2*s","0103.0h","00987.9mbar","000468ppm"
"XGC00104","0+23.6?28.1%","000.0000mmol/L","007.54pH","000.29m/s","0SSW","00000.0mm/h","0022.7?090.5%00000.0Lux*","000000umol/m2*s","0105.0h","00987.9mbar","000500ppm"
"XGC00104","0+23.6?28.1%","000.0000mmol/L","007.54pH","000.44m/s","0 SE","00000.0mm/h","0022.6?089.6%00000.0Lux*","000000umol/m2*s","0107.0h","00988.0mbar","000477ppm"
"XGC00104","0+23.7?28.1%","000.0000mmol/L","007.54pH","001.03m/s","0ESE","00000.0mm/h","0022.4?089.1%00000.0Lux*","000000umol/m2*s","0108.0h","00988.1mbar","000462ppm"
"XGC00104","0+23.7?28.1%","000.0000mmol/L","007.54pH","001.26m/s","0  E","00000.0mm/h","0022.5?086.6%00000.0Lux*","000000umol/m2*s","0110.0h","00988.2mbar","000452ppm"
"XGC00104","0+23.7?28.2%","000.0000mmol/L","007.55pH","000.44m/s","0SSE","00000.0mm/h","0022.2?089.3%00000.0Lux*","000000umol/m2*s","0112.0h","00988.3mbar","000442ppm"
"XGC00104","0+23.7?28.2%","000.0000mmol/L","007.55pH","002.51m/s","0ESE","00001.2mm/h","0022.1?088.9%00000.0Lux*","000000umol/m2*s","0114.0h","00988.3mbar","000426ppm"
"XGC00104","0+23.7?28.2%","000.0000mmol/L","007.58pH","001.55m/s","0ESE","00000.0mm/h","0021.8?088.1%00000.0Lux*","000000umol/m2*s","0116.0h","00988.2mbar","000430ppm"
"XGC00104","0+23.7?28.3%","000.0000mmol/L","007.58pH","001.26m/s","0SSE","00001.2mm/h","0020.9?089.4%00000.0Lux*","000000umol/m2*s","0117.0h","00988.3mbar","000445ppm"
"XGC00104","0+23.7?28.3%","000.0000mmol/L","007.59pH","000.88m/s","0  E","00002.4mm/h","0020.7?091.9%00000.0Lux*","000000umol/m2*s","0119.0h","00988.2mbar","000436ppm"
"XGC00104","0+23.7?28.3%","000.0000mmol/L","007.59pH","002.66m/s","0ESE","00000.0mm/h","0020.8?089.9%00000.0Lux*","000000umol/m2*s","0121.0h","00988.2mbar","000415ppm"
"XGC00104","0+23.7?28.3%","000.0000mmol/L","007.59pH","000.51m/s","0ENE","00001.2mm/h","0020.9?089.4%00000.0Lux*","000000umol/m2*s","0123.0h","00988.0mbar","000416ppm"
"XGC00104","0+23.7?28.3%","000.0000mmol/L","007.58pH","000.00m/s","0NNW","00000.0mm/h","0020.6?092.0%00000.0Lux*","000000umol/m2*s","0125.0h","00987.9mbar","000413ppm"
"XGC00104","0+23.7?28.3%","000.0000mmol/L","007.58pH","000.00m/s","0 SE","00000.0mm/h","0020.5?094.6%00000.0Lux*","000000umol/m2*s","0127.0h","00987.7mbar","000410ppm"
"XGC00104","0+23.7?28.3%","000.0000mmol/L","007.57pH","000.00m/s","0ENE","00000.0mm/h","0020.5?093.6%00000.0Lux*","000000umol/m2*s","0128.0h","00987.5mbar","000442ppm"
"XGC00104","0+23.7?28.3%","000.0000mmol/L","007.55pH","000.07m/s","0ENE","00000.0mm/h","0020.5?091.5%00000.0Lux*","000000umol/m2*s","0130.0h","00987.4mbar","000447ppm"
"XGC00104","0+23.7?28.3%","000.0000mmol/L","007.54pH","000.37m/s","0SSE","00000.0mm/h","0020.5?092.5%00000.0Lux*","000000umol/m2*s","0132.0h","00987.4mbar","000447ppm"
"XGC00104","0+23.7?28.3%","000.0000mmol/L","007.54pH","000.29m/s","0SSE","00001.2mm/h","0020.1?095.4%00000.0Lux*","000000umol/m2*s","0134.0h","00987.5mbar","000463ppm"
"XGC00104","0+23.7?28.3%","000.0000mmol/L","007.54pH","000.00m/s","0SSW","00000.0mm/h","0020.1?097.0%00000.0Lux*","000000umol/m2*s","0136.0h","00987.4mbar","000493ppm"
"XGC00104","0+23.8?28.3%","000.0000mmol/L","007.54pH","000.07m/s","0SSW","00001.2mm/h","0020.1?097.9%00000.0Lux*","000000umol/m2*s","0137.0h","00987.3mbar","000490ppm"
"XGC00104","0+23.7?28.3%","000.0000mmol/L","007.52pH","000.15m/s","0WNW","00000.0mm/h","0020.0?098.7%00000.0Lux*","000000umol/m2*s","0139.0h","00987.1mbar","000498ppm"
"XGC00104","0+23.8?28.3%","000.0000mmol/L","007.52pH","000.07m/s","0WSW","00000.0mm/h","0019.8?098.9%00000.0Lux*","000000umol/m2*s","0141.0h","00987.2mbar","000477ppm"
"XGC00104","0+23.7?28.3%","000.0000mmol/L","007.54pH","000.15m/s","0SSW","00000.0mm/h","0019.5?098.7%00000.0Lux*","000000umol/m2*s","0143.0h","00987.1mbar","000465ppm"
